Workbook
Name GearDB_names: GearDB!$A$2:$A$888
Name GearDB_STR: GearDB!$D$2:$D$888
Name GearDB_DEX: GearDB!$E$2:$E$888
Name GearDB_VIT: GearDB!$F$2:$F$888
Name GearDB_AGI: GearDB!$G$2:$G$888
Name GearDB_INT: GearDB!$H$2:$H$888
Name GearDB_MND: GearDB!$I$2:$I$888
Name GearDB_CHR: GearDB!$J$2:$J$888
Name GearDB_ATT: GearDB!$K$2:$K$888
Name GearDB_ATTP: GearDB!$L$2:$L$888
Name GearDB_ACC: GearDB!$M$2:$M$888
Name GearDB_CRITHITRATE: GearDB!$N$2:$N$888
Name GearDB_CRIT_DMG_INCREASE: GearDB!$O$2:$O$888
Name GearDB_DOUBLE_ATTACK: GearDB!$P$2:$P$888
Name GearDB_TRIPLE_ATTACK: GearDB!$Q$2:$Q$888
Name GearDB_QUAD_ATTACK: GearDB!$R$2:$R$888
Name GearDB_HASTE_GEAR: GearDB!$S$2:$S$888
Name GearDB_HASTE_MAGIC: GearDB!$T$2:$T$888
Name GearDB_HASTE_ABILITY: GearDB!$U$2:$U$888
Name GearDB_DUAL_WIELD: GearDB!$V$2:$V$888
Name GearDB_STORETP: GearDB!$W$2:$W$888
Name GearDB_TP_BONUS: GearDB!$X$2:$X$888
Name GearDB_ALL_WSDMG_ALL_HITS: GearDB!$Y$2:$Y$888
Name GearDB_ALL_WSDMG_FIRST_HIT: GearDB!$Z$2:$Z$888
Name GearDB_ANY_FTP_BONUS: GearDB!$AA$2:$AA$888
Name GearDB_WSACC: GearDB!$AB$2:$AB$888
Name GearDB_WSDMG_225: GearDB!$AC$2:$AC$888
Name AugDB_labels: AugDB!$A$2:$A$40
Name AugDB_STR: AugDB!$C$2:$C$40
Name AugDB_DEX: AugDB!$D$2:$D$40
Name AugDB_VIT: AugDB!$E$2:$E$40
Name AugDB_AGI: AugDB!$F$2:$F$40
Name AugDB_INT: AugDB!$G$2:$G$40
Name AugDB_MND: AugDB!$H$2:$H$40
Name AugDB_CHR: AugDB!$I$2:$I$40
Name AugDB_ATT: AugDB!$J$2:$J$40
Name AugDB_ATTP: AugDB!$K$2:$K$40
Name AugDB_ACC: AugDB!$L$2:$L$40
Name AugDB_CRITHITRATE: AugDB!$M$2:$M$40
Name AugDB_CRIT_DMG_INCREASE: AugDB!$N$2:$N$40
Name AugDB_DOUBLE_ATTACK: AugDB!$O$2:$O$40
Name AugDB_TRIPLE_ATTACK: AugDB!$P$2:$P$40
Name AugDB_QUAD_ATTACK: AugDB!$Q$2:$Q$40
Name AugDB_HASTE_GEAR: AugDB!$R$2:$R$40
Name AugDB_HASTE_MAGIC: AugDB!$S$2:$S$40
Name AugDB_HASTE_ABILITY: AugDB!$T$2:$T$40
Name AugDB_DUAL_WIELD: AugDB!$U$2:$U$40
Name AugDB_STORETP: AugDB!$V$2:$V$40
Name AugDB_TP_BONUS: AugDB!$W$2:$W$40
Name AugDB_ALL_WSDMG_ALL_HITS: AugDB!$X$2:$X$40
Name AugDB_ALL_WSDMG_FIRST_HIT: AugDB!$Y$2:$Y$40
Name AugDB_ANY_FTP_BONUS: AugDB!$Z$2:$Z$40
Name AugDB_WSACC: AugDB!$AA$2:$AA$40
Name AugDB_WSDMG_225: AugDB!$AB$2:$AB$40
Name list_targets: Targets!$A$2:$A$16
Name list_ws: WSDB!$A$2:$A$13
Name list_slot2: Lists!$A$2:$A$11
Name list_slot3: Lists!$B$2:$B$26
Name list_slot4: Lists!$C$2:$C$154
Name list_slot5: Lists!$D$2:$D$152

Sheet Guide
A1: Gear / Augment DPS Optimizer
A3: Built for PLD99/NIN99. Curated gear: 887 items, 39 augments, 12 weaponskills, 15 targets.
A5: HOW TO USE
A6: 1. Go to the Build sheet.
A7: 2. Pick a Target and Weaponskill at the top, and set WS TP.
A8: 3. For each slot, choose an Item from the dropdown:
A9: (keep equipped) = your current piece (with its real augments)
A10: (none) = nothing in that slot
A11: or any curated item the dropdown offers for that slot.
A12: 4. Optionally add an Augment (and Count 1-4 for stacked catalysts),
A13: or type a Free mod + value for an augment not in the catalog.
A14: 5. The Auto/WS/Rotation numbers on the Build sheet update instantly.
... A28: name instead gives its un-augmented base so you can re-augment it.

Sheet Build
A1: Gear / Augment DPS Optimizer
A2: Pick an item + augment per slot. Numbers recompute live. "(keep equipped)" = your current piece.
A4: Target: | B4: Leaping Lizzy
A5: Weaponskill: | B5: chant_du_cygne
A6: WS TP: | B6: 1000
A8: Result | B8: live | C8: engine baseline
A9: Auto-attack DPS | B9: =Calc!$B$145 | C9: 434
A10: WS damage | B10: =Calc!$B$186 | C10: 37068.1
A11: Rotation DPS | B11: =Calc!$B$188 | C11: 2787.4
A12: (baseline = all slots "keep equipped", vs the default target/WS above)
A13: Slot | B13: Item | C13: Augment | D13: Count | E13: Free mod 1 | F13: Val 1 | G13: Free mod 2 | H13: Val 2
A14: range | B14: (keep equipped) | C14: (none) | D14: 1 | E14: (none) | G14: (none)
A15: ammo | B15: (keep equipped) | C15: (none) | D15: 1 | E15: (none) | G15: (none)
A16: head | B16: (keep equipped) | C16: (none) | D16: 1 | E16: (none) | G16: (none)
A17: body | B17: (keep equipped) | C17: (none) | D17: 1 | E17: (none) | G17: (none)
A18: hands | B18: (keep equipped) | C18: (none) | D18: 1 | E18: (none) | G18: (none)
A19: legs | B19: (keep equipped) | C19: (none) | D19: 1 | E19: (none) | G19: (none)
A20: feet | B20: (keep equipped) | C20: (none) | D20: 1 | E20: (none) | G20: (none)
A21: neck | B21: (keep equipped) | C21: (none) | D21: 1 | E21: (none) | G21: (none)
A22: waist | B22: (keep equipped) | C22: (none) | D22: 1 | E22: (none) | G22: (none)
A23: ear1 | B23: (keep equipped) | C23: (none) | D23: 1 | E23: (none) | G23: (none)
A24: ear2 | B24: (keep equipped) | C24: (none) | D24: 1 | E24: (none) | G24: (none)
A25: ring1 | B25: (keep equipped) | C25: (none) | D25: 1 | E25: (none) | G25: (none)
... A27: back | B27: (keep equipped) | C27: (none) | D27: 1 | E27: (none) | G27: (none)

Sheet Stats
A1: Your !mystats anchor
A2: EDIT these to match YOUR /mystats (unbuffed, no food).
A4: STR | B4: 180
A5: DEX | B5: 175
A6: VIT | B6: 210
A7: AGI | B7: 160
A8: INT | B8: 140
A9: MND | B9: 200
A10: CHR | B10: 150
A11: Melee ATT | B11: 1250
A12: Melee ACC | B12: 1180
A13: Wpn dmg | B13: 181
A14: Crit hit rate % | B14: 8
A15: Crit dmg +% | B15: 0
... A26: WS dmg 1st hit % | B26: 0

Sheet GearCalc
A1: slot | B1: itemRow | C1: augRow | D1: STR | E1: DEX | F1: VIT | G1: AGI | H1: INT | I1: MND | J1: CHR | K1: ATT | L1: ATTP | M1: ACC | N1: CRITHITRATE | O1: CRIT_DMG_INCREASE | P1: DOUBLE_ATTACK | Q1: TRIPLE_ATTACK | R1: QUAD_ATTACK | S1: HASTE_GEAR | T1: HASTE_MAGIC | U1: HASTE_ABILITY | V1: DUAL_WIELD | W1: STORETP | X1: TP_BONUS | Y1: ALL_WSDMG_ALL_HITS | Z1: ALL_WSDMG_FIRST_HIT | AA1: ANY_FTP_BONUS | AB1: WSACC | AC1: WSDMG_225
A2: range | B2: =IFERROR(MATCH(Build!$B$14,GearDB_names,0),0) | C2: =IFERROR(MATCH(Build!$C$14,AugDB_labels,0),0) | D2: =IF(Build!$B$14="(keep equipped)",EquipBase!$B$2,IF(OR(Build!$B$14="(none)",Build!$B$14=""),0,IFERROR(INDEX(GearDB_STR,$B$2),0)))+IF(Build!$B$14="(keep equipped)",0,IF($C$2>0,Build!$D$14*INDEX(AugDB_STR,$C$2),0)+IF(Build!$E$14="STR",Build!$F$14,0)+IF(Build!$G$14="STR",Build!$H$14,0)) | E2: =IF(Build!$B$14="(keep equipped)",EquipBase!$C$2,IF(OR(Build!$B$14="(none)",Build!$B$14=""),0,IFERROR(INDEX(GearDB_DEX,$B$2),0)))+IF(Build!$B$14="(keep equipped)",0,IF($C$2>0,Build!$D$14*INDEX(AugDB_DEX,$C$2),0)+IF(Build!$E$14="DEX",Build!$F$14,0)+IF(Build!$G$14="DEX",Build!$H$14,0)) | F2: =IF(Build!$B$14="(keep equipped)",EquipBase!$D$2,IF(OR(Build!$B$14="(none)",Build!$B$14=""),0,IFERROR(INDEX(GearDB_VIT,$B$2),0)))+IF(Build!$B$14="(keep equipped)",0,IF($C$2>0,Build!$D$14*INDEX(AugDB_VIT,$C$2),0)+IF(Build!$E$14="VIT",Build!$F$14,0)+IF(Build!$G$14="VIT",Build!$H$14,0)) | G2: =IF(Build!$B$14="(keep equipped)",EquipBase!$E$2,IF(OR(Build!$B$14="(none)",Build!$B$14=""),0,IFERROR(INDEX(GearDB_AGI,$B$2),0)))+IF(Build!$B$14="(keep equipped)",0,IF($C$2>0,Build!$D$14*INDEX(AugDB_AGI,$C$2),0)+IF(Build!$E$14="AGI",Build!$F$14,0)+IF(Build!$G$14="AGI",Build!$H$14,0)) | H2: =IF(Build!$B$14="(keep equipped)",EquipBase!$F$2,IF(OR(Build!$B$14="(none)",Build!$B$14=""),0,IFERROR(INDEX(GearDB_INT,$B$2),0)))+IF(Build!$B$14="(keep equipped)",0,IF($C$2>0,Build!$D$14*INDEX(AugDB_INT,$C$2),0)+IF(Build!$E$14="INT",Build!$F$14,0)+IF(Build!$G$14="INT",Build!$H$14,0)) | I2: =IF(Build!$B$14="(keep equipped)",EquipBase!$G$2,IF(OR(Build!$B$14="(none)",Build!$B$14=""),0,IFERROR(INDEX(GearDB_MND,$B$2),0)))+IF(Build!$B$14="(keep equipped)",0,IF($C$2>0,Build!$D$14*INDEX(AugDB_MND,$C$2),0)+IF(Build!$E$14="MND",Build!$F$14,0)+IF(Build!$G$14="MND",Build!$H$14,0)) | J2: =IF(Build!$B$14="(keep equipped)",EquipBase!$H$2,IF(OR(Build!$B$14="(none)",Build!$B$14=""),0,IFERROR(INDEX(GearDB_CHR,$B$2),0)))+IF(Build!$B$14="(keep equipped)",0,IF($C$2>0,Build!$D$14*INDEX(AugDB_CHR,$C$2),0)+IF(Build!$E$14="CHR",Build!$F$14,0)+IF(Build!$G$14="CHR",Build!$H$14,0)) | K2: =IF(Build!$B$14="(keep equipped)",EquipBase!$I$2,IF(OR(Build!$B$14="(none)",Build!$B$14=""),0,IFERROR(INDEX(GearDB_ATT,$B$2),0)))+IF(Build!$B$14="(keep equipped)",0,IF($C$2>0,Build!$D$14*INDEX(AugDB_ATT,$C$2),0)+IF(Build!$E$14="ATT",Build!$F$14,0)+IF(Build!$G$14="ATT",Build!$H$14,0)) | L2: =IF(Build!$B$14="(keep equipped)",EquipBase!$J$2,IF(OR(Build!$B$14="(none)",Build!$B$14=""),0,IFERROR(INDEX(GearDB_ATTP,$B$2),0)))+IF(Build!$B$14="(keep equipped)",0,IF($C$2>0,Build!$D$14*INDEX(AugDB_ATTP,$C$2),0)+IF(Build!$E$14="ATTP",Build!$F$14,0)+IF(Build!$G$14="ATTP",Build!$H$14,0)) | M2: =IF(Build!$B$14="(keep equipped)",EquipBase!$K$2,IF(OR(Build!$B$14="(none)",Build!$B$14=""),0,IFERROR(INDEX(GearDB_ACC,$B$2),0)))+IF(Build!$B$14="(keep equipped)",0,IF($C$2>0,Build!$D$14*INDEX(AugDB_ACC,$C$2),0)+IF(Build!$E$14="ACC",Build!$F$14,0)+IF(Build!$G$14="ACC",Build!$H$14,0)) | N2: =IF(Build!$B$14="(keep equipped)",EquipBase!$L$2,IF(OR(Build!$B$14="(none)",Build!$B$14=""),0,IFERROR(INDEX(GearDB_CRITHITRATE,$B$2),0)))+IF(Build!$B$14="(keep equipped)",0,IF($C$2>0,Build!$D$14*INDEX(AugDB_CRITHITRATE,$C$2),0)+IF(Build!$E$14="CRITHITRATE",Build!$F$14,0)+IF(Build!$G$14="CRITHITRATE",Build!$H$14,0)) | O2: =IF(Build!$B$14="(keep equipped)",EquipBase!$M$2,IF(OR(Build!$B$14="(none)",Build!$B$14=""),0,IFERROR(INDEX(GearDB_CRIT_DMG_INCREASE,$B$2),0)))+IF(Build!$B$14="(keep equipped)",0,IF($C$2>0,Build!$D$14*INDEX(AugDB_CRIT_DMG_INCREASE,$C$2),0)+IF(Build!$E$14="CRIT_DMG_INCREASE",Build!$F$14,0)+IF(Build!$G$14="CRIT_DMG_INCREASE",Build!$H$14,0)) | P2: =IF(Build!$B$14="(keep equipped)",EquipBase!$N$2,IF(OR(Build!$B$14="(none)",Build!$B$14=""),0,IFERROR(INDEX(GearDB_DOUBLE_ATTACK,$B$2),0)))+IF(Build!$B$14="(keep equipped)",0,IF($C$2>0,Build!$D$14*INDEX(AugDB_DOUBLE_ATTACK,$C$2),0)+IF(Build!$E$14="DOUBLE_ATTACK",Build!$F$14,0)+IF(Build!$G$14="DOUBLE_ATTACK",Build!$H$14,0)) | Q2: =IF(Build!$B$14="(keep equipped)",EquipBase!$O$2,IF(OR(Build!$B$14="(none)",Build!$B$14=""),0,IFERROR(INDEX(GearDB_TRIPLE_ATTACK,$B$2),0)))+IF(Build!$B$14="(keep equipped)",0,IF($C$2>0,Build!$D$14*INDEX(AugDB_TRIPLE_ATTACK,$C$2),0)+IF(Build!$E$14="TRIPLE_ATTACK",Build!$F$14,0)+IF(Build!$G$14="TRIPLE_ATTACK",Build!$H$14,0)) | R2: =IF(Build!$B$14="(keep equipped)",EquipBase!$P$2,IF(OR(Build!$B$14="(none)",Build!$B$14=""),0,IFERROR(INDEX(GearDB_QUAD_ATTACK,$B$2),0)))+IF(Build!$B$14="(keep equipped)",0,IF($C$2>0,Build!$D$14*INDEX(AugDB_QUAD_ATTACK,$C$2),0)+IF(Build!$E$14="QUAD_ATTACK",Build!$F$14,0)+IF(Build!$G$14="QUAD_ATTACK",Build!$H$14,0)) | S2: =IF(Build!$B$14="(keep equipped)",EquipBase!$Q$2,IF(OR(Build!$B$14="(none)",Build!$B$14=""),0,IFERROR(INDEX(GearDB_HASTE_GEAR,$B$2),0)))+IF(Build!$B$14="(keep equipped)",0,IF($C$2>0,Build!$D$14*INDEX(AugDB_HASTE_GEAR,$C$2),0)+IF(Build!$E$14="HASTE_GEAR",Build!$F$14,0)+IF(Build!$G$14="HASTE_GEAR",Build!$H$14,0)) | T2: =IF(Build!$B$14="(keep equipped)",EquipBase!$R$2,IF(OR(Build!$B$14="(none)",Build!$B$14=""),0,IFERROR(INDEX(GearDB_HASTE_MAGIC,$B$2),0)))+IF(Build!$B$14="(keep equipped)",0,IF($C$2>0,Build!$D$14*INDEX(AugDB_HASTE_MAGIC,$C$2),0)+IF(Build!$E$14="HASTE_MAGIC",Build!$F$14,0)+IF(Build!$G$14="HASTE_MAGIC",Build!$H$14,0)) | U2: =IF(Build!$B$14="(keep equipped)",EquipBase!$S$2,IF(OR(Build!$B$14="(none)",Build!$B$14=""),0,IFERROR(INDEX(GearDB_HASTE_ABILITY,$B$2),0)))+IF(Build!$B$14="(keep equipped)",0,IF($C$2>0,Build!$D$14*INDEX(AugDB_HASTE_ABILITY,$C$2),0)+IF(Build!$E$14="HASTE_ABILITY",Build!$F$14,0)+IF(Build!$G$14="HASTE_ABILITY",Build!$H$14,0)) | V2: =IF(Build!$B$14="(keep equipped)",EquipBase!$T$2,IF(OR(Build!$B$14="(none)",Build!$B$14=""),0,IFERROR(INDEX(GearDB_DUAL_WIELD,$B$2),0)))+IF(Build!$B$14="(keep equipped)",0,IF($C$2>0,Build!$D$14*INDEX(AugDB_DUAL_WIELD,$C$2),0)+IF(Build!$E$14="DUAL_WIELD",Build!$F$14,0)+IF(Build!$G$14="DUAL_WIELD",Build!$H$14,0)) | W2: =IF(Build!$B$14="(keep equipped)",EquipBase!$U$2,IF(OR(Build!$B$14="(none)",Build!$B$14=""),0,IFERROR(INDEX(GearDB_STORETP,$B$2),0)))+IF(Build!$B$14="(keep equipped)",0,IF($C$2>0,Build!$D$14*INDEX(AugDB_STORETP,$C$2),0)+IF(Build!$E$14="STORETP",Build!$F$14,0)+IF(Build!$G$14="STORETP",Build!$H$14,0)) | X2: =IF(Build!$B$14="(keep equipped)",EquipBase!$V$2,IF(OR(Build!$B$14="(none)",Build!$B$14=""),0,IFERROR(INDEX(GearDB_TP_BONUS,$B$2),0)))+IF(Build!$B$14="(keep equipped)",0,IF($C$2>0,Build!$D$14*INDEX(AugDB_TP_BONUS,$C$2),0)+IF(Build!$E$14="TP_BONUS",Build!$F$14,0)+IF(Build!$G$14="TP_BONUS",Build!$H$14,0)) | Y2: =IF(Build!$B$14="(keep equipped)",EquipBase!$W$2,IF(OR(Build!$B$14="(none)",Build!$B$14=""),0,IFERROR(INDEX(GearDB_ALL_WSDMG_ALL_HITS,$B$2),0)))+IF(Build!$B$14="(keep equipped)",0,IF($C$2>0,Build!$D$14*INDEX(AugDB_ALL_WSDMG_ALL_HITS,$C$2),0)+IF(Build!$E$14="ALL_WSDMG_ALL_HITS",Build!$F$14,0)+IF(Build!$G$14="ALL_WSDMG_ALL_HITS",Build!$H$14,0)) | Z2: =IF(Build!$B$14="(keep equipped)",EquipBase!$X$2,IF(OR(Build!$B$14="(none)",Build!$B$14=""),0,IFERROR(INDEX(GearDB_ALL_WSDMG_FIRST_HIT,$B$2),0)))+IF(Build!$B$14="(keep equipped)",0,IF($C$2>0,Build!$D$14*INDEX(AugDB_ALL_WSDMG_FIRST_HIT,$C$2),0)+IF(Build!$E$14="ALL_WSDMG_FIRST_HIT",Build!$F$14,0)+IF(Build!$G$14="ALL_WSDMG_FIRST_HIT",Build!$H$14,0)) | AA2: =IF(Build!$B$14="(keep equipped)",EquipBase!$Y$2,IF(OR(Build!$B$14="(none)",Build!$B$14=""),0,IFERROR(INDEX(GearDB_ANY_FTP_BONUS,$B$2),0)))+IF(Build!$B$14="(keep equipped)",0,IF($C$2>0,Build!$D$14*INDEX(AugDB_ANY_FTP_BONUS,$C$2),0)+IF(Build!$E$14="ANY_FTP_BONUS",Build!$F$14,0)+IF(Build!$G$14="ANY_FTP_BONUS",Build!$H$14,0)) | AB2: =IF(Build!$B$14="(keep equipped)",EquipBase!$Z$2,IF(OR(Build!$B$14="(none)",Build!$B$14=""),0,IFERROR(INDEX(GearDB_WSACC,$B$2),0)))+IF(Build!$B$14="(keep equipped)",0,IF($C$2>0,Build!$D$14*INDEX(AugDB_WSACC,$C$2),0)+IF(Build!$E$14="WSACC",Build!$F$14,0)+IF(Build!$G$14="WSACC",Build!$H$14,0)) | AC2: =IF(Build!$B$14="(keep equipped)",EquipBase!$AA$2,IF(OR(Build!$B$14="(none)",Build!$B$14=""),0,IFERROR(INDEX(GearDB_WSDMG_225,$B$2),0)))+IF(Build!$B$14="(keep equipped)",0,IF($C$2>0,Build!$D$14*INDEX(AugDB_WSDMG_225,$C$2),0)+IF(Build!$E$14="WSDMG_225",Build!$F$14,0)+IF(Build!$G$14="WSDMG_225",Build!$H$14,0))
A3: ammo | B3: =IFERROR(MATCH(Build!$B$15,GearDB_names,0),0) | C3: =IFERROR(MATCH(Build!$C$15,AugDB_labels,0),0) | D3: =IF(Build!$B$15="(keep equipped)",EquipBase!$B$3,IF(OR(Build!$B$15="(none)",Build!$B$15=""),0,IFERROR(INDEX(GearDB_STR,$B$3),0)))+IF(Build!$B$15="(keep equipped)",0,IF($C$3>0,Build!$D$15*INDEX(AugDB_STR,$C$3),0)+IF(Build!$E$15="STR",Build!$F$15,0)+IF(Build!$G$15="STR",Build!$H$15,0)) | E3: =IF(Build!$B$15="(keep equipped)",EquipBase!$C$3,IF(OR(Build!$B$15="(none)",Build!$B$15=""),0,IFERROR(INDEX(GearDB_DEX,$B$3),0)))+IF(Build!$B$15="(keep equipped)",0,IF($C$3>0,Build!$D$15*INDEX(AugDB_DEX,$C$3),0)+IF(Build!$E$15="DEX",Build!$F$15,0)+IF(Build!$G$15="DEX",Build!$H$15,0)) | F3: =IF(Build!$B$15="(keep equipped)",EquipBase!$D$3,IF(OR(Build!$B$15="(none)",Build!$B$15=""),0,IFERROR(INDEX(GearDB_VIT,$B$3),0)))+IF(Build!$B$15="(keep equipped)",0,IF($C$3>0,Build!$D$15*INDEX(AugDB_VIT,$C$3),0)+IF(Build!$E$15="VIT",Build!$F$15,0)+IF(Build!$G$15="VIT",Build!$H$15,0)) | G3: =IF(Build!$B$15="(keep equipped)",EquipBase!$E$3,IF(OR(Build!$B$15="(none)",Build!$B$15=""),0,IFERROR(INDEX(GearDB_AGI,$B$3),0)))+IF(Build!$B$15="(keep equipped)",0,IF($C$3>0,Build!$D$15*INDEX(AugDB_AGI,$C$3),0)+IF(Build!$E$15="AGI",Build!$F$15,0)+IF(Build!$G$15="AGI",Build!$H$15,0)) | H3: =IF(Build!$B$15="(keep equipped)",EquipBase!$F$3,IF(OR(Build!$B$15="(none)",Build!$B$15=""),0,IFERROR(INDEX(GearDB_INT,$B$3),0)))+IF(Build!$B$15="(keep equipped)",0,IF($C$3>0,Build!$D$15*INDEX(AugDB_INT,$C$3),0)+IF(Build!$E$15="INT",Build!$F$15,0)+IF(Build!$G$15="INT",Build!$H$15,0)) | I3: =IF(Build!$B$15="(keep equipped)",EquipBase!$G$3,IF(OR(Build!$B$15="(none)",Build!$B$15=""),0,IFERROR(INDEX(GearDB_MND,$B$3),0)))+IF(Build!$B$15="(keep equipped)",0,IF($C$3>0,Build!$D$15*INDEX(AugDB_MND,$C$3),0)+IF(Build!$E$15="MND",Build!$F$15,0)+IF(Build!$G$15="MND",Build!$H$15,0)) | J3: =IF(Build!$B$15="(keep equipped)",EquipBase!$H$3,IF(OR(Build!$B$15="(none)",Build!$B$15=""),0,IFERROR(INDEX(GearDB_CHR,$B$3),0)))+IF(Build!$B$15="(keep equipped)",0,IF($C$3>0,Build!$D$15*INDEX(AugDB_CHR,$C$3),0)+IF(Build!$E$15="CHR",Build!$F$15,0)+IF(Build!$G$15="CHR",Build!$H$15,0)) | K3: =IF(Build!$B$15="(keep equipped)",EquipBase!$I$3,IF(OR(Build!$B$15="(none)",Build!$B$15=""),0,IFERROR(INDEX(GearDB_ATT,$B$3),0)))+IF(Build!$B$15="(keep equipped)",0,IF($C$3>0,Build!$D$15*INDEX(AugDB_ATT,$C$3),0)+IF(Build!$E$15="ATT",Build!$F$15,0)+IF(Build!$G$15="ATT",Build!$H$15,0)) | L3: =IF(Build!$B$15="(keep equipped)",EquipBase!$J$3,IF(OR(Build!$B$15="(none)",Build!$B$15=""),0,IFERROR(INDEX(GearDB_ATTP,$B$3),0)))+IF(Build!$B$15="(keep equipped)",0,IF($C$3>0,Build!$D$15*INDEX(AugDB_ATTP,$C$3),0)+IF(Build!$E$15="ATTP",Build!$F$15,0)+IF(Build!$G$15="ATTP",Build!$H$15,0)) | M3: =IF(Build!$B$15="(keep equipped)",EquipBase!$K$3,IF(OR(Build!$B$15="(none)",Build!$B$15=""),0,IFERROR(INDEX(GearDB_ACC,$B$3),0)))+IF(Build!$B$15="(keep equipped)",0,IF($C$3>0,Build!$D$15*INDEX(AugDB_ACC,$C$3),0)+IF(Build!$E$15="ACC",Build!$F$15,0)+IF(Build!$G$15="ACC",Build!$H$15,0)) | N3: =IF(Build!$B$15="(keep equipped)",EquipBase!$L$3,IF(OR(Build!$B$15="(none)",Build!$B$15=""),0,IFERROR(INDEX(GearDB_CRITHITRATE,$B$3),0)))+IF(Build!$B$15="(keep equipped)",0,IF($C$3>0,Build!$D$15*INDEX(AugDB_CRITHITRATE,$C$3),0)+IF(Build!$E$15="CRITHITRATE",Build!$F$15,0)+IF(Build!$G$15="CRITHITRATE",Build!$H$15,0)) | O3: =IF(Build!$B$15="(keep equipped)",EquipBase!$M$3,IF(OR(Build!$B$15="(none)",Build!$B$15=""),0,IFERROR(INDEX(GearDB_CRIT_DMG_INCREASE,$B$3),0)))+IF(Build!$B$15="(keep equipped)",0,IF($C$3>0,Build!$D$15*INDEX(AugDB_CRIT_DMG_INCREASE,$C$3),0)+IF(Build!$E$15="CRIT_DMG_INCREASE",Build!$F$15,0)+IF(Build!$G$15="CRIT_DMG_INCREASE",Build!$H$15,0)) | P3: =IF(Build!$B$15="(keep equipped)",EquipBase!$N$3,IF(OR(Build!$B$15="(none)",Build!$B$15=""),0,IFERROR(INDEX(GearDB_DOUBLE_ATTACK,$B$3),0)))+IF(Build!$B$15="(keep equipped)",0,IF($C$3>0,Build!$D$15*INDEX(AugDB_DOUBLE_ATTACK,$C$3),0)+IF(Build!$E$15="DOUBLE_ATTACK",Build!$F$15,0)+IF(Build!$G$15="DOUBLE_ATTACK",Build!$H$15,0)) | Q3: =IF(Build!$B$15="(keep equipped)",EquipBase!$O$3,IF(OR(Build!$B$15="(none)",Build!$B$15=""),0,IFERROR(INDEX(GearDB_TRIPLE_ATTACK,$B$3),0)))+IF(Build!$B$15="(keep equipped)",0,IF($C$3>0,Build!$D$15*INDEX(AugDB_TRIPLE_ATTACK,$C$3),0)+IF(Build!$E$15="TRIPLE_ATTACK",Build!$F$15,0)+IF(Build!$G$15="TRIPLE_ATTACK",Build!$H$15,0)) | R3: =IF(Build!$B$15="(keep equipped)",EquipBase!$P$3,IF(OR(Build!$B$15="(none)",Build!$B$15=""),0,IFERROR(INDEX(GearDB_QUAD_ATTACK,$B$3),0)))+IF(Build!$B$15="(keep equipped)",0,IF($C$3>0,Build!$D$15*INDEX(AugDB_QUAD_ATTACK,$C$3),0)+IF(Build!$E$15="QUAD_ATTACK",Build!$F$15,0)+IF(Build!$G$15="QUAD_ATTACK",Build!$H$15,0)) | S3: =IF(Build!$B$15="(keep equipped)",EquipBase!$Q$3,IF(OR(Build!$B$15="(none)",Build!$B$15=""),0,IFERROR(INDEX(GearDB_HASTE_GEAR,$B$3),0)))+IF(Build!$B$15="(keep equipped)",0,IF($C$3>0,Build!$D$15*INDEX(AugDB_HASTE_GEAR,$C$3),0)+IF(Build!$E$15="HASTE_GEAR",Build!$F$15,0)+IF(Build!$G$15="HASTE_GEAR",Build!$H$15,0)) | T3: =IF(Build!$B$15="(keep equipped)",EquipBase!$R$3,IF(OR(Build!$B$15="(none)",Build!$B$15=""),0,IFERROR(INDEX(GearDB_HASTE_MAGIC,$B$3),0)))+IF(Build!$B$15="(keep equipped)",0,IF($C$3>0,Build!$D$15*INDEX(AugDB_HASTE_MAGIC,$C$3),0)+IF(Build!$E$15="HASTE_MAGIC",Build!$F$15,0)+IF(Build!$G$15="HASTE_MAGIC",Build!$H$15,0)) | U3: =IF(Build!$B$15="(keep equipped)",EquipBase!$S$3,IF(OR(Build!$B$15="(none)",Build!$B$15=""),0,IFERROR(INDEX(GearDB_HASTE_ABILITY,$B$3),0)))+IF(Build!$B$15="(keep equipped)",0,IF($C$3>0,Build!$D$15*INDEX(AugDB_HASTE_ABILITY,$C$3),0)+IF(Build!$E$15="HASTE_ABILITY",Build!$F$15,0)+IF(Build!$G$15="HASTE_ABILITY",Build!$H$15,0)) | V3: =IF(Build!$B$15="(keep equipped)",EquipBase!$T$3,IF(OR(Build!$B$15="(none)",Build!$B$15=""),0,IFERROR(INDEX(GearDB_DUAL_WIELD,$B$3),0)))+IF(Build!$B$15="(keep equipped)",0,IF($C$3>0,Build!$D$15*INDEX(AugDB_DUAL_WIELD,$C$3),0)+IF(Build!$E$15="DUAL_WIELD",Build!$F$15,0)+IF(Build!$G$15="DUAL_WIELD",Build!$H$15,0)) | W3: =IF(Build!$B$15="(keep equipped)",EquipBase!$U$3,IF(OR(Build!$B$15="(none)",Build!$B$15=""),0,IFERROR(INDEX(GearDB_STORETP,$B$3),0)))+IF(Build!$B$15="(keep equipped)",0,IF($C$3>0,Build!$D$15*INDEX(AugDB_STORETP,$C$3),0)+IF(Build!$E$15="STORETP",Build!$F$15,0)+IF(Build!$G$15="STORETP",Build!$H$15,0)) | X3: =IF(Build!$B$15="(keep equipped)",EquipBase!$V$3,IF(OR(Build!$B$15="(none)",Build!$B$15=""),0,IFERROR(INDEX(GearDB_TP_BONUS,$B$3),0)))+IF(Build!$B$15="(keep equipped)",0,IF($C$3>0,Build!$D$15*INDEX(AugDB_TP_BONUS,$C$3),0)+IF(Build!$E$15="TP_BONUS",Build!$F$15,0)+IF(Build!$G$15="TP_BONUS",Build!$H$15,0)) | Y3: =IF(Build!$B$15="(keep equipped)",EquipBase!$W$3,IF(OR(Build!$B$15="(none)",Build!$B$15=""),0,IFERROR(INDEX(GearDB_ALL_WSDMG_ALL_HITS,$B$3),0)))+IF(Build!$B$15="(keep equipped)",0,IF($C$3>0,Build!$D$15*INDEX(AugDB_ALL_WSDMG_ALL_HITS,$C$3),0)+IF(Build!$E$15="ALL_WSDMG_ALL_HITS",Build!$F$15,0)+IF(Build!$G$15="ALL_WSDMG_ALL_HITS",Build!$H$15,0)) | Z3: =IF(Build!$B$15="(keep equipped)",EquipBase!$X$3,IF(OR(Build!$B$15="(none)",Build!$B$15=""),0,IFERROR(INDEX(GearDB_ALL_WSDMG_FIRST_HIT,$B$3),0)))+IF(Build!$B$15="(keep equipped)",0,IF($C$3>0,Build!$D$15*INDEX(AugDB_ALL_WSDMG_FIRST_HIT,$C$3),0)+IF(Build!$E$15="ALL_WSDMG_FIRST_HIT",Build!$F$15,0)+IF(Build!$G$15="ALL_WSDMG_FIRST_HIT",Build!$H$15,0)) | AA3: =IF(Build!$B$15="(keep equipped)",EquipBase!$Y$3,IF(OR(Build!$B$15="(none)",Build!$B$15=""),0,IFERROR(INDEX(GearDB_ANY_FTP_BONUS,$B$3),0)))+IF(Build!$B$15="(keep equipped)",0,IF($C$3>0,Build!$D$15*INDEX(AugDB_ANY_FTP_BONUS,$C$3),0)+IF(Build!$E$15="ANY_FTP_BONUS",Build!$F$15,0)+IF(Build!$G$15="ANY_FTP_BONUS",Build!$H$15,0)) | AB3: =IF(Build!$B$15="(keep equipped)",EquipBase!$Z$3,IF(OR(Build!$B$15="(none)",Build!$B$15=""),0,IFERROR(INDEX(GearDB_WSACC,$B$3),0)))+IF(Build!$B$15="(keep equipped)",0,IF($C$3>0,Build!$D$15*INDEX(AugDB_WSACC,$C$3),0)+IF(Build!$E$15="WSACC",Build!$F$15,0)+IF(Build!$G$15="WSACC",Build!$H$15,0)) | AC3: =IF(Build!$B$15="(keep equipped)",EquipBase!$AA$3,IF(OR(Build!$B$15="(none)",Build!$B$15=""),0,IFERROR(INDEX(GearDB_WSDMG_225,$B$3),0)))+IF(Build!$B$15="(keep equipped)",0,IF($C$3>0,Build!$D$15*INDEX(AugDB_WSDMG_225,$C$3),0)+IF(Build!$E$15="WSDMG_225",Build!$F$15,0)+IF(Build!$G$15="WSDMG_225",Build!$H$15,0))
A4: head | B4: =IFERROR(MATCH(Build!$B$16,GearDB_names,0),0) | C4: =IFERROR(MATCH(Build!$C$16,AugDB_labels,0),0) | D4: =IF(Build!$B$16="(keep equipped)",EquipBase!$B$4,IF(OR(Build!$B$16="(none)",Build!$B$16=""),0,IFERROR(INDEX(GearDB_STR,$B$4),0)))+IF(Build!$B$16="(keep equipped)",0,IF($C$4>0,Build!$D$16*INDEX(AugDB_STR,$C$4),0)+IF(Build!$E$16="STR",Build!$F$16,0)+IF(Build!$G$16="STR",Build!$H$16,0)) | E4: =IF(Build!$B$16="(keep equipped)",EquipBase!$C$4,IF(OR(Build!$B$16="(none)",Build!$B$16=""),0,IFERROR(INDEX(GearDB_DEX,$B$4),0)))+IF(Build!$B$16="(keep equipped)",0,IF($C$4>0,Build!$D$16*INDEX(AugDB_DEX,$C$4),0)+IF(Build!$E$16="DEX",Build!$F$16,0)+IF(Build!$G$16="DEX",Build!$H$16,0)) | F4: =IF(Build!$B$16="(keep equipped)",EquipBase!$D$4,IF(OR(Build!$B$16="(none)",Build!$B$16=""),0,IFERROR(INDEX(GearDB_VIT,$B$4),0)))+IF(Build!$B$16="(keep equipped)",0,IF($C$4>0,Build!$D$16*INDEX(AugDB_VIT,$C$4),0)+IF(Build!$E$16="VIT",Build!$F$16,0)+IF(Build!$G$16="VIT",Build!$H$16,0)) | G4: =IF(Build!$B$16="(keep equipped)",EquipBase!$E$4,IF(OR(Build!$B$16="(none)",Build!$B$16=""),0,IFERROR(INDEX(GearDB_AGI,$B$4),0)))+IF(Build!$B$16="(keep equipped)",0,IF($C$4>0,Build!$D$16*INDEX(AugDB_AGI,$C$4),0)+IF(Build!$E$16="AGI",Build!$F$16,0)+IF(Build!$G$16="AGI",Build!$H$16,0)) | H4: =IF(Build!$B$16="(keep equipped)",EquipBase!$F$4,IF(OR(Build!$B$16="(none)",Build!$B$16=""),0,IFERROR(INDEX(GearDB_INT,$B$4),0)))+IF(Build!$B$16="(keep equipped)",0,IF($C$4>0,Build!$D$16*INDEX(AugDB_INT,$C$4),0)+IF(Build!$E$16="INT",Build!$F$16,0)+IF(Build!$G$16="INT",Build!$H$16,0)) | I4: =IF(Build!$B$16="(keep equipped)",EquipBase!$G$4,IF(OR(Build!$B$16="(none)",Build!$B$16=""),0,IFERROR(INDEX(GearDB_MND,$B$4),0)))+IF(Build!$B$16="(keep equipped)",0,IF($C$4>0,Build!$D$16*INDEX(AugDB_MND,$C$4),0)+IF(Build!$E$16="MND",Build!$F$16,0)+IF(Build!$G$16="MND",Build!$H$16,0)) | J4: =IF(Build!$B$16="(keep equipped)",EquipBase!$H$4,IF(OR(Build!$B$16="(none)",Build!$B$16=""),0,IFERROR(INDEX(GearDB_CHR,$B$4),0)))+IF(Build!$B$16="(keep equipped)",0,IF($C$4>0,Build!$D$16*INDEX(AugDB_CHR,$C$4),0)+IF(Build!$E$16="CHR",Build!$F$16,0)+IF(Build!$G$16="CHR",Build!$H$16,0)) | K4: =IF(Build!$B$16="(keep equipped)",EquipBase!$I$4,IF(OR(Build!$B$16="(none)",Build!$B$16=""),0,IFERROR(INDEX(GearDB_ATT,$B$4),0)))+IF(Build!$B$16="(keep equipped)",0,IF($C$4>0,Build!$D$16*INDEX(AugDB_ATT,$C$4),0)+IF(Build!$E$16="ATT",Build!$F$16,0)+IF(Build!$G$16="ATT",Build!$H$16,0)) | L4: =IF(Build!$B$16="(keep equipped)",EquipBase!$J$4,IF(OR(Build!$B$16="(none)",Build!$B$16=""),0,IFERROR(INDEX(GearDB_ATTP,$B$4),0)))+IF(Build!$B$16="(keep equipped)",0,IF($C$4>0,Build!$D$16*INDEX(AugDB_ATTP,$C$4),0)+IF(Build!$E$16="ATTP",Build!$F$16,0)+IF(Build!$G$16="ATTP",Build!$H$16,0)) | M4: =IF(Build!$B$16="(keep equipped)",EquipBase!$K$4,IF(OR(Build!$B$16="(none)",Build!$B$16=""),0,IFERROR(INDEX(GearDB_ACC,$B$4),0)))+IF(Build!$B$16="(keep equipped)",0,IF($C$4>0,Build!$D$16*INDEX(AugDB_ACC,$C$4),0)+IF(Build!$E$16="ACC",Build!$F$16,0)+IF(Build!$G$16="ACC",Build!$H$16,0)) | N4: =IF(Build!$B$16="(keep equipped)",EquipBase!$L$4,IF(OR(Build!$B$16="(none)",Build!$B$16=""),0,IFERROR(INDEX(GearDB_CRITHITRATE,$B$4),0)))+IF(Build!$B$16="(keep equipped)",0,IF($C$4>0,Build!$D$16*INDEX(AugDB_CRITHITRATE,$C$4),0)+IF(Build!$E$16="CRITHITRATE",Build!$F$16,0)+IF(Build!$G$16="CRITHITRATE",Build!$H$16,0)) | O4: =IF(Build!$B$16="(keep equipped)",EquipBase!$M$4,IF(OR(Build!$B$16="(none)",Build!$B$16=""),0,IFERROR(INDEX(GearDB_CRIT_DMG_INCREASE,$B$4),0)))+IF(Build!$B$16="(keep equipped)",0,IF($C$4>0,Build!$D$16*INDEX(AugDB_CRIT_DMG_INCREASE,$C$4),0)+IF(Build!$E$16="CRIT_DMG_INCREASE",Build!$F$16,0)+IF(Build!$G$16="CRIT_DMG_INCREASE",Build!$H$16,0)) | P4: =IF(Build!$B$16="(keep equipped)",EquipBase!$N$4,IF(OR(Build!$B$16="(none)",Build!$B$16=""),0,IFERROR(INDEX(GearDB_DOUBLE_ATTACK,$B$4),0)))+IF(Build!$B$16="(keep equipped)",0,IF($C$4>0,Build!$D$16*INDEX(AugDB_DOUBLE_ATTACK,$C$4),0)+IF(Build!$E$16="DOUBLE_ATTACK",Build!$F$16,0)+IF(Build!$G$16="DOUBLE_ATTACK",Build!$H$16,0)) | Q4: =IF(Build!$B$16="(keep equipped)",EquipBase!$O$4,IF(OR(Build!$B$16="(none)",Build!$B$16=""),0,IFERROR(INDEX(GearDB_TRIPLE_ATTACK,$B$4),0)))+IF(Build!$B$16="(keep equipped)",0,IF($C$4>0,Build!$D$16*INDEX(AugDB_TRIPLE_ATTACK,$C$4),0)+IF(Build!$E$16="TRIPLE_ATTACK",Build!$F$16,0)+IF(Build!$G$16="TRIPLE_ATTACK",Build!$H$16,0)) | R4: =IF(Build!$B$16="(keep equipped)",EquipBase!$P$4,IF(OR(Build!$B$16="(none)",Build!$B$16=""),0,IFERROR(INDEX(GearDB_QUAD_ATTACK,$B$4),0)))+IF(Build!$B$16="(keep equipped)",0,IF($C$4>0,Build!$D$16*INDEX(AugDB_QUAD_ATTACK,$C$4),0)+IF(Build!$E$16="QUAD_ATTACK",Build!$F$16,0)+IF(Build!$G$16="QUAD_ATTACK",Build!$H$16,0)) | S4: =IF(Build!$B$16="(keep equipped)",EquipBase!$Q$4,IF(OR(Build!$B$16="(none)",Build!$B$16=""),0,IFERROR(INDEX(GearDB_HASTE_GEAR,$B$4),0)))+IF(Build!$B$16="(keep equipped)",0,IF($C$4>0,Build!$D$16*INDEX(AugDB_HASTE_GEAR,$C$4),0)+IF(Build!$E$16="HASTE_GEAR",Build!$F$16,0)+IF(Build!$G$16="HASTE_GEAR",Build!$H$16,0)) | T4: =IF(Build!$B$16="(keep equipped)",EquipBase!$R$4,IF(OR(Build!$B$16="(none)",Build!$B$16=""),0,IFERROR(INDEX(GearDB_HASTE_MAGIC,$B$4),0)))+IF(Build!$B$16="(keep equipped)",0,IF($C$4>0,Build!$D$16*INDEX(AugDB_HASTE_MAGIC,$C$4),0)+IF(Build!$E$16="HASTE_MAGIC",Build!$F$16,0)+IF(Build!$G$16="HASTE_MAGIC",Build!$H$16,0)) | U4: =IF(Build!$B$16="(keep equipped)",EquipBase!$S$4,IF(OR(Build!$B$16="(none)",Build!$B$16=""),0,IFERROR(INDEX(GearDB_HASTE_ABILITY,$B$4),0)))+IF(Build!$B$16="(keep equipped)",0,IF($C$4>0,Build!$D$16*INDEX(AugDB_HASTE_ABILITY,$C$4),0)+IF(Build!$E$16="HASTE_ABILITY",Build!$F$16,0)+IF(Build!$G$16="HASTE_ABILITY",Build!$H$16,0)) | V4: =IF(Build!$B$16="(keep equipped)",EquipBase!$T$4,IF(OR(Build!$B$16="(none)",Build!$B$16=""),0,IFERROR(INDEX(GearDB_DUAL_WIELD,$B$4),0)))+IF(Build!$B$16="(keep equipped)",0,IF($C$4>0,Build!$D$16*INDEX(AugDB_DUAL_WIELD,$C$4),0)+IF(Build!$E$16="DUAL_WIELD",Build!$F$16,0)+IF(Build!$G$16="DUAL_WIELD",Build!$H$16,0)) | W4: =IF(Build!$B$16="(keep equipped)",EquipBase!$U$4,IF(OR(Build!$B$16="(none)",Build!$B$16=""),0,IFERROR(INDEX(GearDB_STORETP,$B$4),0)))+IF(Build!$B$16="(keep equipped)",0,IF($C$4>0,Build!$D$16*INDEX(AugDB_STORETP,$C$4),0)+IF(Build!$E$16="STORETP",Build!$F$16,0)+IF(Build!$G$16="STORETP",Build!$H$16,0)) | X4: =IF(Build!$B$16="(keep equipped)",EquipBase!$V$4,IF(OR(Build!$B$16="(none)",Build!$B$16=""),0,IFERROR(INDEX(GearDB_TP_BONUS,$B$4),0)))+IF(Build!$B$16="(keep equipped)",0,IF($C$4>0,Build!$D$16*INDEX(AugDB_TP_BONUS,$C$4),0)+IF(Build!$E$16="TP_BONUS",Build!$F$16,0)+IF(Build!$G$16="TP_BONUS",Build!$H$16,0)) | Y4: =IF(Build!$B$16="(keep equipped)",EquipBase!$W$4,IF(OR(Build!$B$16="(none)",Build!$B$16=""),0,IFERROR(INDEX(GearDB_ALL_WSDMG_ALL_HITS,$B$4),0)))+IF(Build!$B$16="(keep equipped)",0,IF($C$4>0,Build!$D$16*INDEX(AugDB_ALL_WSDMG_ALL_HITS,$C$4),0)+IF(Build!$E$16="ALL_WSDMG_ALL_HITS",Build!$F$16,0)+IF(Build!$G$16="ALL_WSDMG_ALL_HITS",Build!$H$16,0)) | Z4: =IF(Build!$B$16="(keep equipped)",EquipBase!$X$4,IF(OR(Build!$B$16="(none)",Build!$B$16=""),0,IFERROR(INDEX(GearDB_ALL_WSDMG_FIRST_HIT,$B$4),0)))+IF(Build!$B$16="(keep equipped)",0,IF($C$4>0,Build!$D$16*INDEX(AugDB_ALL_WSDMG_FIRST_HIT,$C$4),0)+IF(Build!$E$16="ALL_WSDMG_FIRST_HIT",Build!$F$16,0)+IF(Build!$G$16="ALL_WSDMG_FIRST_HIT",Build!$H$16,0)) | AA4: =IF(Build!$B$16="(keep equipped)",EquipBase!$Y$4,IF(OR(Build!$B$16="(none)",Build!$B$16=""),0,IFERROR(INDEX(GearDB_ANY_FTP_BONUS,$B$4),0)))+IF(Build!$B$16="(keep equipped)",0,IF($C$4>0,Build!$D$16*INDEX(AugDB_ANY_FTP_BONUS,$C$4),0)+IF(Build!$E$16="ANY_FTP_BONUS",Build!$F$16,0)+IF(Build!$G$16="ANY_FTP_BONUS",Build!$H$16,0)) | AB4: =IF(Build!$B$16="(keep equipped)",EquipBase!$Z$4,IF(OR(Build!$B$16="(none)",Build!$B$16=""),0,IFERROR(INDEX(GearDB_WSACC,$B$4),0)))+IF(Build!$B$16="(keep equipped)",0,IF($C$4>0,Build!$D$16*INDEX(AugDB_WSACC,$C$4),0)+IF(Build!$E$16="WSACC",Build!$F$16,0)+IF(Build!$G$16="WSACC",Build!$H$16,0)) | AC4: =IF(Build!$B$16="(keep equipped)",EquipBase!$AA$4,IF(OR(Build!$B$16="(none)",Build!$B$16=""),0,IFERROR(INDEX(GearDB_WSDMG_225,$B$4),0)))+IF(Build!$B$16="(keep equipped)",0,IF($C$4>0,Build!$D$16*INDEX(AugDB_WSDMG_225,$C$4),0)+IF(Build!$E$16="WSDMG_225",Build!$F$16,0)+IF(Build!$G$16="WSDMG_225",Build!$H$16,0))
A5: body | B5: =IFERROR(MATCH(Build!$B$17,GearDB_names,0),0) | C5: =IFERROR(MATCH(Build!$C$17,AugDB_labels,0),0) | D5: =IF(Build!$B$17="(keep equipped)",EquipBase!$B$5,IF(OR(Build!$B$17="(none)",Build!$B$17=""),0,IFERROR(INDEX(GearDB_STR,$B$5),0)))+IF(Build!$B$17="(keep equipped)",0,IF($C$5>0,Build!$D$17*INDEX(AugDB_STR,$C$5),0)+IF(Build!$E$17="STR",Build!$F$17,0)+IF(Build!$G$17="STR",Build!$H$17,0)) | E5: =IF(Build!$B$17="(keep equipped)",EquipBase!$C$5,IF(OR(Build!$B$17="(none)",Build!$B$17=""),0,IFERROR(INDEX(GearDB_DEX,$B$5),0)))+IF(Build!$B$17="(keep equipped)",0,IF($C$5>0,Build!$D$17*INDEX(AugDB_DEX,$C$5),0)+IF(Build!$E$17="DEX",Build!$F$17,0)+IF(Build!$G$17="DEX",Build!$H$17,0)) | F5: =IF(Build!$B$17="(keep equipped)",EquipBase!$D$5,IF(OR(Build!$B$17="(none)",Build!$B$17=""),0,IFERROR(INDEX(GearDB_VIT,$B$5),0)))+IF(Build!$B$17="(keep equipped)",0,IF($C$5>0,Build!$D$17*INDEX(AugDB_VIT,$C$5),0)+IF(Build!$E$17="VIT",Build!$F$17,0)+IF(Build!$G$17="VIT",Build!$H$17,0)) | G5: =IF(Build!$B$17="(keep equipped)",EquipBase!$E$5,IF(OR(Build!$B$17="(none)",Build!$B$17=""),0,IFERROR(INDEX(GearDB_AGI,$B$5),0)))+IF(Build!$B$17="(keep equipped)",0,IF($C$5>0,Build!$D$17*INDEX(AugDB_AGI,$C$5),0)+IF(Build!$E$17="AGI",Build!$F$17,0)+IF(Build!$G$17="AGI",Build!$H$17,0)) | H5: =IF(Build!$B$17="(keep equipped)",EquipBase!$F$5,IF(OR(Build!$B$17="(none)",Build!$B$17=""),0,IFERROR(INDEX(GearDB_INT,$B$5),0)))+IF(Build!$B$17="(keep equipped)",0,IF($C$5>0,Build!$D$17*INDEX(AugDB_INT,$C$5),0)+IF(Build!$E$17="INT",Build!$F$17,0)+IF(Build!$G$17="INT",Build!$H$17,0)) | I5: =IF(Build!$B$17="(keep equipped)",EquipBase!$G$5,IF(OR(Build!$B$17="(none)",Build!$B$17=""),0,IFERROR(INDEX(GearDB_MND,$B$5),0)))+IF(Build!$B$17="(keep equipped)",0,IF($C$5>0,Build!$D$17*INDEX(AugDB_MND,$C$5),0)+IF(Build!$E$17="MND",Build!$F$17,0)+IF(Build!$G$17="MND",Build!$H$17,0)) | J5: =IF(Build!$B$17="(keep equipped)",EquipBase!$H$5,IF(OR(Build!$B$17="(none)",Build!$B$17=""),0,IFERROR(INDEX(GearDB_CHR,$B$5),0)))+IF(Build!$B$17="(keep equipped)",0,IF($C$5>0,Build!$D$17*INDEX(AugDB_CHR,$C$5),0)+IF(Build!$E$17="CHR",Build!$F$17,0)+IF(Build!$G$17="CHR",Build!$H$17,0)) | K5: =IF(Build!$B$17="(keep equipped)",EquipBase!$I$5,IF(OR(Build!$B$17="(none)",Build!$B$17=""),0,IFERROR(INDEX(GearDB_ATT,$B$5),0)))+IF(Build!$B$17="(keep equipped)",0,IF($C$5>0,Build!$D$17*INDEX(AugDB_ATT,$C$5),0)+IF(Build!$E$17="ATT",Build!$F$17,0)+IF(Build!$G$17="ATT",Build!$H$17,0)) | L5: =IF(Build!$B$17="(keep equipped)",EquipBase!$J$5,IF(OR(Build!$B$17="(none)",Build!$B$17=""),0,IFERROR(INDEX(GearDB_ATTP,$B$5),0)))+IF(Build!$B$17="(keep equipped)",0,IF($C$5>0,Build!$D$17*INDEX(AugDB_ATTP,$C$5),0)+IF(Build!$E$17="ATTP",Build!$F$17,0)+IF(Build!$G$17="ATTP",Build!$H$17,0)) | M5: =IF(Build!$B$17="(keep equipped)",EquipBase!$K$5,IF(OR(Build!$B$17="(none)",Build!$B$17=""),0,IFERROR(INDEX(GearDB_ACC,$B$5),0)))+IF(Build!$B$17="(keep equipped)",0,IF($C$5>0,Build!$D$17*INDEX(AugDB_ACC,$C$5),0)+IF(Build!$E$17="ACC",Build!$F$17,0)+IF(Build!$G$17="ACC",Build!$H$17,0)) | N5: =IF(Build!$B$17="(keep equipped)",EquipBase!$L$5,IF(OR(Build!$B$17="(none)",Build!$B$17=""),0,IFERROR(INDEX(GearDB_CRITHITRATE,$B$5),0)))+IF(Build!$B$17="(keep equipped)",0,IF($C$5>0,Build!$D$17*INDEX(AugDB_CRITHITRATE,$C$5),0)+IF(Build!$E$17="CRITHITRATE",Build!$F$17,0)+IF(Build!$G$17="CRITHITRATE",Build!$H$17,0)) | O5: =IF(Build!$B$17="(keep equipped)",EquipBase!$M$5,IF(OR(Build!$B$17="(none)",Build!$B$17=""),0,IFERROR(INDEX(GearDB_CRIT_DMG_INCREASE,$B$5),0)))+IF(Build!$B$17="(keep equipped)",0,IF($C$5>0,Build!$D$17*INDEX(AugDB_CRIT_DMG_INCREASE,$C$5),0)+IF(Build!$E$17="CRIT_DMG_INCREASE",Build!$F$17,0)+IF(Build!$G$17="CRIT_DMG_INCREASE",Build!$H$17,0)) | P5: =IF(Build!$B$17="(keep equipped)",EquipBase!$N$5,IF(OR(Build!$B$17="(none)",Build!$B$17=""),0,IFERROR(INDEX(GearDB_DOUBLE_ATTACK,$B$5),0)))+IF(Build!$B$17="(keep equipped)",0,IF($C$5>0,Build!$D$17*INDEX(AugDB_DOUBLE_ATTACK,$C$5),0)+IF(Build!$E$17="DOUBLE_ATTACK",Build!$F$17,0)+IF(Build!$G$17="DOUBLE_ATTACK",Build!$H$17,0)) | Q5: =IF(Build!$B$17="(keep equipped)",EquipBase!$O$5,IF(OR(Build!$B$17="(none)",Build!$B$17=""),0,IFERROR(INDEX(GearDB_TRIPLE_ATTACK,$B$5),0)))+IF(Build!$B$17="(keep equipped)",0,IF($C$5>0,Build!$D$17*INDEX(AugDB_TRIPLE_ATTACK,$C$5),0)+IF(Build!$E$17="TRIPLE_ATTACK",Build!$F$17,0)+IF(Build!$G$17="TRIPLE_ATTACK",Build!$H$17,0)) | R5: =IF(Build!$B$17="(keep equipped)",EquipBase!$P$5,IF(OR(Build!$B$17="(none)",Build!$B$17=""),0,IFERROR(INDEX(GearDB_QUAD_ATTACK,$B$5),0)))+IF(Build!$B$17="(keep equipped)",0,IF($C$5>0,Build!$D$17*INDEX(AugDB_QUAD_ATTACK,$C$5),0)+IF(Build!$E$17="QUAD_ATTACK",Build!$F$17,0)+IF(Build!$G$17="QUAD_ATTACK",Build!$H$17,0)) | S5: =IF(Build!$B$17="(keep equipped)",EquipBase!$Q$5,IF(OR(Build!$B$17="(none)",Build!$B$17=""),0,IFERROR(INDEX(GearDB_HASTE_GEAR,$B$5),0)))+IF(Build!$B$17="(keep equipped)",0,IF($C$5>0,Build!$D$17*INDEX(AugDB_HASTE_GEAR,$C$5),0)+IF(Build!$E$17="HASTE_GEAR",Build!$F$17,0)+IF(Build!$G$17="HASTE_GEAR",Build!$H$17,0)) | T5: =IF(Build!$B$17="(keep equipped)",EquipBase!$R$5,IF(OR(Build!$B$17="(none)",Build!$B$17=""),0,IFERROR(INDEX(GearDB_HASTE_MAGIC,$B$5),0)))+IF(Build!$B$17="(keep equipped)",0,IF($C$5>0,Build!$D$17*INDEX(AugDB_HASTE_MAGIC,$C$5),0)+IF(Build!$E$17="HASTE_MAGIC",Build!$F$17,0)+IF(Build!$G$17="HASTE_MAGIC",Build!$H$17,0)) | U5: =IF(Build!$B$17="(keep equipped)",EquipBase!$S$5,IF(OR(Build!$B$17="(none)",Build!$B$17=""),0,IFERROR(INDEX(GearDB_HASTE_ABILITY,$B$5),0)))+IF(Build!$B$17="(keep equipped)",0,IF($C$5>0,Build!$D$17*INDEX(AugDB_HASTE_ABILITY,$C$5),0)+IF(Build!$E$17="HASTE_ABILITY",Build!$F$17,0)+IF(Build!$G$17="HASTE_ABILITY",Build!$H$17,0)) | V5: =IF(Build!$B$17="(keep equipped)",EquipBase!$T$5,IF(OR(Build!$B$17="(none)",Build!$B$17=""),0,IFERROR(INDEX(GearDB_DUAL_WIELD,$B$5),0)))+IF(Build!$B$17="(keep equipped)",0,IF($C$5>0,Build!$D$17*INDEX(AugDB_DUAL_WIELD,$C$5),0)+IF(Build!$E$17="DUAL_WIELD",Build!$F$17,0)+IF(Build!$G$17="DUAL_WIELD",Build!$H$17,0)) | W5: =IF(Build!$B$17="(keep equipped)",EquipBase!$U$5,IF(OR(Build!$B$17="(none)",Build!$B$17=""),0,IFERROR(INDEX(GearDB_STORETP,$B$5),0)))+IF(Build!$B$17="(keep equipped)",0,IF($C$5>0,Build!$D$17*INDEX(AugDB_STORETP,$C$5),0)+IF(Build!$E$17="STORETP",Build!$F$17,0)+IF(Build!$G$17="STORETP",Build!$H$17,0)) | X5: =IF(Build!$B$17="(keep equipped)",EquipBase!$V$5,IF(OR(Build!$B$17="(none)",Build!$B$17=""),0,IFERROR(INDEX(GearDB_TP_BONUS,$B$5),0)))+IF(Build!$B$17="(keep equipped)",0,IF($C$5>0,Build!$D$17*INDEX(AugDB_TP_BONUS,$C$5),0)+IF(Build!$E$17="TP_BONUS",Build!$F$17,0)+IF(Build!$G$17="TP_BONUS",Build!$H$17,0)) | Y5: =IF(Build!$B$17="(keep equipped)",EquipBase!$W$5,IF(OR(Build!$B$17="(none)",Build!$B$17=""),0,IFERROR(INDEX(GearDB_ALL_WSDMG_ALL_HITS,$B$5),0)))+IF(Build!$B$17="(keep equipped)",0,IF($C$5>0,Build!$D$17*INDEX(AugDB_ALL_WSDMG_ALL_HITS,$C$5),0)+IF(Build!$E$17="ALL_WSDMG_ALL_HITS",Build!$F$17,0)+IF(Build!$G$17="ALL_WSDMG_ALL_HITS",Build!$H$17,0)) | Z5: =IF(Build!$B$17="(keep equipped)",EquipBase!$X$5,IF(OR(Build!$B$17="(none)",Build!$B$17=""),0,IFERROR(INDEX(GearDB_ALL_WSDMG_FIRST_HIT,$B$5),0)))+IF(Build!$B$17="(keep equipped)",0,IF($C$5>0,Build!$D$17*INDEX(AugDB_ALL_WSDMG_FIRST_HIT,$C$5),0)+IF(Build!$E$17="ALL_WSDMG_FIRST_HIT",Build!$F$17,0)+IF(Build!$G$17="ALL_WSDMG_FIRST_HIT",Build!$H$17,0)) | AA5: =IF(Build!$B$17="(keep equipped)",EquipBase!$Y$5,IF(OR(Build!$B$17="(none)",Build!$B$17=""),0,IFERROR(INDEX(GearDB_ANY_FTP_BONUS,$B$5),0)))+IF(Build!$B$17="(keep equipped)",0,IF($C$5>0,Build!$D$17*INDEX(AugDB_ANY_FTP_BONUS,$C$5),0)+IF(Build!$E$17="ANY_FTP_BONUS",Build!$F$17,0)+IF(Build!$G$17="ANY_FTP_BONUS",Build!$H$17,0)) | AB5: =IF(Build!$B$17="(keep equipped)",EquipBase!$Z$5,IF(OR(Build!$B$17="(none)",Build!$B$17=""),0,IFERROR(INDEX(GearDB_WSACC,$B$5),0)))+IF(Build!$B$17="(keep equipped)",0,IF($C$5>0,Build!$D$17*INDEX(AugDB_WSACC,$C$5),0)+IF(Build!$E$17="WSACC",Build!$F$17,0)+IF(Build!$G$17="WSACC",Build!$H$17,0)) | AC5: =IF(Build!$B$17="(keep equipped)",EquipBase!$AA$5,IF(OR(Build!$B$17="(none)",Build!$B$17=""),0,IFERROR(INDEX(GearDB_WSDMG_225,$B$5),0)))+IF(Build!$B$17="(keep equipped)",0,IF($C$5>0,Build!$D$17*INDEX(AugDB_WSDMG_225,$C$5),0)+IF(Build!$E$17="WSDMG_225",Build!$F$17,0)+IF(Build!$G$17="WSDMG_225",Build!$H$17,0))
A6: hands | B6: =IFERROR(MATCH(Build!$B$18,GearDB_names,0),0) | C6: =IFERROR(MATCH(Build!$C$18,AugDB_labels,0),0) | D6: =IF(Build!$B$18="(keep equipped)",EquipBase!$B$6,IF(OR(Build!$B$18="(none)",Build!$B$18=""),0,IFERROR(INDEX(GearDB_STR,$B$6),0)))+IF(Build!$B$18="(keep equipped)",0,IF($C$6>0,Build!$D$18*INDEX(AugDB_STR,$C$6),0)+IF(Build!$E$18="STR",Build!$F$18,0)+IF(Build!$G$18="STR",Build!$H$18,0)) | E6: =IF(Build!$B$18="(keep equipped)",EquipBase!$C$6,IF(OR(Build!$B$18="(none)",Build!$B$18=""),0,IFERROR(INDEX(GearDB_DEX,$B$6),0)))+IF(Build!$B$18="(keep equipped)",0,IF($C$6>0,Build!$D$18*INDEX(AugDB_DEX,$C$6),0)+IF(Build!$E$18="DEX",Build!$F$18,0)+IF(Build!$G$18="DEX",Build!$H$18,0)) | F6: =IF(Build!$B$18="(keep equipped)",EquipBase!$D$6,IF(OR(Build!$B$18="(none)",Build!$B$18=""),0,IFERROR(INDEX(GearDB_VIT,$B$6),0)))+IF(Build!$B$18="(keep equipped)",0,IF($C$6>0,Build!$D$18*INDEX(AugDB_VIT,$C$6),0)+IF(Build!$E$18="VIT",Build!$F$18,0)+IF(Build!$G$18="VIT",Build!$H$18,0)) | G6: =IF(Build!$B$18="(keep equipped)",EquipBase!$E$6,IF(OR(Build!$B$18="(none)",Build!$B$18=""),0,IFERROR(INDEX(GearDB_AGI,$B$6),0)))+IF(Build!$B$18="(keep equipped)",0,IF($C$6>0,Build!$D$18*INDEX(AugDB_AGI,$C$6),0)+IF(Build!$E$18="AGI",Build!$F$18,0)+IF(Build!$G$18="AGI",Build!$H$18,0)) | H6: =IF(Build!$B$18="(keep equipped)",EquipBase!$F$6,IF(OR(Build!$B$18="(none)",Build!$B$18=""),0,IFERROR(INDEX(GearDB_INT,$B$6),0)))+IF(Build!$B$18="(keep equipped)",0,IF($C$6>0,Build!$D$18*INDEX(AugDB_INT,$C$6),0)+IF(Build!$E$18="INT",Build!$F$18,0)+IF(Build!$G$18="INT",Build!$H$18,0)) | I6: =IF(Build!$B$18="(keep equipped)",EquipBase!$G$6,IF(OR(Build!$B$18="(none)",Build!$B$18=""),0,IFERROR(INDEX(GearDB_MND,$B$6),0)))+IF(Build!$B$18="(keep equipped)",0,IF($C$6>0,Build!$D$18*INDEX(AugDB_MND,$C$6),0)+IF(Build!$E$18="MND",Build!$F$18,0)+IF(Build!$G$18="MND",Build!$H$18,0)) | J6: =IF(Build!$B$18="(keep equipped)",EquipBase!$H$6,IF(OR(Build!$B$18="(none)",Build!$B$18=""),0,IFERROR(INDEX(GearDB_CHR,$B$6),0)))+IF(Build!$B$18="(keep equipped)",0,IF($C$6>0,Build!$D$18*INDEX(AugDB_CHR,$C$6),0)+IF(Build!$E$18="CHR",Build!$F$18,0)+IF(Build!$G$18="CHR",Build!$H$18,0)) | K6: =IF(Build!$B$18="(keep equipped)",EquipBase!$I$6,IF(OR(Build!$B$18="(none)",Build!$B$18=""),0,IFERROR(INDEX(GearDB_ATT,$B$6),0)))+IF(Build!$B$18="(keep equipped)",0,IF($C$6>0,Build!$D$18*INDEX(AugDB_ATT,$C$6),0)+IF(Build!$E$18="ATT",Build!$F$18,0)+IF(Build!$G$18="ATT",Build!$H$18,0)) | L6: =IF(Build!$B$18="(keep equipped)",EquipBase!$J$6,IF(OR(Build!$B$18="(none)",Build!$B$18=""),0,IFERROR(INDEX(GearDB_ATTP,$B$6),0)))+IF(Build!$B$18="(keep equipped)",0,IF($C$6>0,Build!$D$18*INDEX(AugDB_ATTP,$C$6),0)+IF(Build!$E$18="ATTP",Build!$F$18,0)+IF(Build!$G$18="ATTP",Build!$H$18,0)) | M6: =IF(Build!$B$18="(keep equipped)",EquipBase!$K$6,IF(OR(Build!$B$18="(none)",Build!$B$18=""),0,IFERROR(INDEX(GearDB_ACC,$B$6),0)))+IF(Build!$B$18="(keep equipped)",0,IF($C$6>0,Build!$D$18*INDEX(AugDB_ACC,$C$6),0)+IF(Build!$E$18="ACC",Build!$F$18,0)+IF(Build!$G$18="ACC",Build!$H$18,0)) | N6: =IF(Build!$B$18="(keep equipped)",EquipBase!$L$6,IF(OR(Build!$B$18="(none)",Build!$B$18=""),0,IFERROR(INDEX(GearDB_CRITHITRATE,$B$6),0)))+IF(Build!$B$18="(keep equipped)",0,IF($C$6>0,Build!$D$18*INDEX(AugDB_CRITHITRATE,$C$6),0)+IF(Build!$E$18="CRITHITRATE",Build!$F$18,0)+IF(Build!$G$18="CRITHITRATE",Build!$H$18,0)) | O6: =IF(Build!$B$18="(keep equipped)",EquipBase!$M$6,IF(OR(Build!$B$18="(none)",Build!$B$18=""),0,IFERROR(INDEX(GearDB_CRIT_DMG_INCREASE,$B$6),0)))+IF(Build!$B$18="(keep equipped)",0,IF($C$6>0,Build!$D$18*INDEX(AugDB_CRIT_DMG_INCREASE,$C$6),0)+IF(Build!$E$18="CRIT_DMG_INCREASE",Build!$F$18,0)+IF(Build!$G$18="CRIT_DMG_INCREASE",Build!$H$18,0)) | P6: =IF(Build!$B$18="(keep equipped)",EquipBase!$N$6,IF(OR(Build!$B$18="(none)",Build!$B$18=""),0,IFERROR(INDEX(GearDB_DOUBLE_ATTACK,$B$6),0)))+IF(Build!$B$18="(keep equipped)",0,IF($C$6>0,Build!$D$18*INDEX(AugDB_DOUBLE_ATTACK,$C$6),0)+IF(Build!$E$18="DOUBLE_ATTACK",Build!$F$18,0)+IF(Build!$G$18="DOUBLE_ATTACK",Build!$H$18,0)) | Q6: =IF(Build!$B$18="(keep equipped)",EquipBase!$O$6,IF(OR(Build!$B$18="(none)",Build!$B$18=""),0,IFERROR(INDEX(GearDB_TRIPLE_ATTACK,$B$6),0)))+IF(Build!$B$18="(keep equipped)",0,IF($C$6>0,Build!$D$18*INDEX(AugDB_TRIPLE_ATTACK,$C$6),0)+IF(Build!$E$18="TRIPLE_ATTACK",Build!$F$18,0)+IF(Build!$G$18="TRIPLE_ATTACK",Build!$H$18,0)) | R6: =IF(Build!$B$18="(keep equipped)",EquipBase!$P$6,IF(OR(Build!$B$18="(none)",Build!$B$18=""),0,IFERROR(INDEX(GearDB_QUAD_ATTACK,$B$6),0)))+IF(Build!$B$18="(keep equipped)",0,IF($C$6>0,Build!$D$18*INDEX(AugDB_QUAD_ATTACK,$C$6),0)+IF(Build!$E$18="QUAD_ATTACK",Build!$F$18,0)+IF(Build!$G$18="QUAD_ATTACK",Build!$H$18,0)) | S6: =IF(Build!$B$18="(keep equipped)",EquipBase!$Q$6,IF(OR(Build!$B$18="(none)",Build!$B$18=""),0,IFERROR(INDEX(GearDB_HASTE_GEAR,$B$6),0)))+IF(Build!$B$18="(keep equipped)",0,IF($C$6>0,Build!$D$18*INDEX(AugDB_HASTE_GEAR,$C$6),0)+IF(Build!$E$18="HASTE_GEAR",Build!$F$18,0)+IF(Build!$G$18="HASTE_GEAR",Build!$H$18,0)) | T6: =IF(Build!$B$18="(keep equipped)",EquipBase!$R$6,IF(OR(Build!$B$18="(none)",Build!$B$18=""),0,IFERROR(INDEX(GearDB_HASTE_MAGIC,$B$6),0)))+IF(Build!$B$18="(keep equipped)",0,IF($C$6>0,Build!$D$18*INDEX(AugDB_HASTE_MAGIC,$C$6),0)+IF(Build!$E$18="HASTE_MAGIC",Build!$F$18,0)+IF(Build!$G$18="HASTE_MAGIC",Build!$H$18,0)) | U6: =IF(Build!$B$18="(keep equipped)",EquipBase!$S$6,IF(OR(Build!$B$18="(none)",Build!$B$18=""),0,IFERROR(INDEX(GearDB_HASTE_ABILITY,$B$6),0)))+IF(Build!$B$18="(keep equipped)",0,IF($C$6>0,Build!$D$18*INDEX(AugDB_HASTE_ABILITY,$C$6),0)+IF(Build!$E$18="HASTE_ABILITY",Build!$F$18,0)+IF(Build!$G$18="HASTE_ABILITY",Build!$H$18,0)) | V6: =IF(Build!$B$18="(keep equipped)",EquipBase!$T$6,IF(OR(Build!$B$18="(none)",Build!$B$18=""),0,IFERROR(INDEX(GearDB_DUAL_WIELD,$B$6),0)))+IF(Build!$B$18="(keep equipped)",0,IF($C$6>0,Build!$D$18*INDEX(AugDB_DUAL_WIELD,$C$6),0)+IF(Build!$E$18="DUAL_WIELD",Build!$F$18,0)+IF(Build!$G$18="DUAL_WIELD",Build!$H$18,0)) | W6: =IF(Build!$B$18="(keep equipped)",EquipBase!$U$6,IF(OR(Build!$B$18="(none)",Build!$B$18=""),0,IFERROR(INDEX(GearDB_STORETP,$B$6),0)))+IF(Build!$B$18="(keep equipped)",0,IF($C$6>0,Build!$D$18*INDEX(AugDB_STORETP,$C$6),0)+IF(Build!$E$18="STORETP",Build!$F$18,0)+IF(Build!$G$18="STORETP",Build!$H$18,0)) | X6: =IF(Build!$B$18="(keep equipped)",EquipBase!$V$6,IF(OR(Build!$B$18="(none)",Build!$B$18=""),0,IFERROR(INDEX(GearDB_TP_BONUS,$B$6),0)))+IF(Build!$B$18="(keep equipped)",0,IF($C$6>0,Build!$D$18*INDEX(AugDB_TP_BONUS,$C$6),0)+IF(Build!$E$18="TP_BONUS",Build!$F$18,0)+IF(Build!$G$18="TP_BONUS",Build!$H$18,0)) | Y6: =IF(Build!$B$18="(keep equipped)",EquipBase!$W$6,IF(OR(Build!$B$18="(none)",Build!$B$18=""),0,IFERROR(INDEX(GearDB_ALL_WSDMG_ALL_HITS,$B$6),0)))+IF(Build!$B$18="(keep equipped)",0,IF($C$6>0,Build!$D$18*INDEX(AugDB_ALL_WSDMG_ALL_HITS,$C$6),0)+IF(Build!$E$18="ALL_WSDMG_ALL_HITS",Build!$F$18,0)+IF(Build!$G$18="ALL_WSDMG_ALL_HITS",Build!$H$18,0)) | Z6: =IF(Build!$B$18="(keep equipped)",EquipBase!$X$6,IF(OR(Build!$B$18="(none)",Build!$B$18=""),0,IFERROR(INDEX(GearDB_ALL_WSDMG_FIRST_HIT,$B$6),0)))+IF(Build!$B$18="(keep equipped)",0,IF($C$6>0,Build!$D$18*INDEX(AugDB_ALL_WSDMG_FIRST_HIT,$C$6),0)+IF(Build!$E$18="ALL_WSDMG_FIRST_HIT",Build!$F$18,0)+IF(Build!$G$18="ALL_WSDMG_FIRST_HIT",Build!$H$18,0)) | AA6: =IF(Build!$B$18="(keep equipped)",EquipBase!$Y$6,IF(OR(Build!$B$18="(none)",Build!$B$18=""),0,IFERROR(INDEX(GearDB_ANY_FTP_BONUS,$B$6),0)))+IF(Build!$B$18="(keep equipped)",0,IF($C$6>0,Build!$D$18*INDEX(AugDB_ANY_FTP_BONUS,$C$6),0)+IF(Build!$E$18="ANY_FTP_BONUS",Build!$F$18,0)+IF(Build!$G$18="ANY_FTP_BONUS",Build!$H$18,0)) | AB6: =IF(Build!$B$18="(keep equipped)",EquipBase!$Z$6,IF(OR(Build!$B$18="(none)",Build!$B$18=""),0,IFERROR(INDEX(GearDB_WSACC,$B$6),0)))+IF(Build!$B$18="(keep equipped)",0,IF($C$6>0,Build!$D$18*INDEX(AugDB_WSACC,$C$6),0)+IF(Build!$E$18="WSACC",Build!$F$18,0)+IF(Build!$G$18="WSACC",Build!$H$18,0)) | AC6: =IF(Build!$B$18="(keep equipped)",EquipBase!$AA$6,IF(OR(Build!$B$18="(none)",Build!$B$18=""),0,IFERROR(INDEX(GearDB_WSDMG_225,$B$6),0)))+IF(Build!$B$18="(keep equipped)",0,IF($C$6>0,Build!$D$18*INDEX(AugDB_WSDMG_225,$C$6),0)+IF(Build!$E$18="WSDMG_225",Build!$F$18,0)+IF(Build!$G$18="WSDMG_225",Build!$H$18,0))
A7: legs | B7: =IFERROR(MATCH(Build!$B$19,GearDB_names,0),0) | C7: =IFERROR(MATCH(Build!$C$19,AugDB_labels,0),0) | D7: =IF(Build!$B$19="(keep equipped)",EquipBase!$B$7,IF(OR(Build!$B$19="(none)",Build!$B$19=""),0,IFERROR(INDEX(GearDB_STR,$B$7),0)))+IF(Build!$B$19="(keep equipped)",0,IF($C$7>0,Build!$D$19*INDEX(AugDB_STR,$C$7),0)+IF(Build!$E$19="STR",Build!$F$19,0)+IF(Build!$G$19="STR",Build!$H$19,0)) | E7: =IF(Build!$B$19="(keep equipped)",EquipBase!$C$7,IF(OR(Build!$B$19="(none)",Build!$B$19=""),0,IFERROR(INDEX(GearDB_DEX,$B$7),0)))+IF(Build!$B$19="(keep equipped)",0,IF($C$7>0,Build!$D$19*INDEX(AugDB_DEX,$C$7),0)+IF(Build!$E$19="DEX",Build!$F$19,0)+IF(Build!$G$19="DEX",Build!$H$19,0)) | F7: =IF(Build!$B$19="(keep equipped)",EquipBase!$D$7,IF(OR(Build!$B$19="(none)",Build!$B$19=""),0,IFERROR(INDEX(GearDB_VIT,$B$7),0)))+IF(Build!$B$19="(keep equipped)",0,IF($C$7>0,Build!$D$19*INDEX(AugDB_VIT,$C$7),0)+IF(Build!$E$19="VIT",Build!$F$19,0)+IF(Build!$G$19="VIT",Build!$H$19,0)) | G7: =IF(Build!$B$19="(keep equipped)",EquipBase!$E$7,IF(OR(Build!$B$19="(none)",Build!$B$19=""),0,IFERROR(INDEX(GearDB_AGI,$B$7),0)))+IF(Build!$B$19="(keep equipped)",0,IF($C$7>0,Build!$D$19*INDEX(AugDB_AGI,$C$7),0)+IF(Build!$E$19="AGI",Build!$F$19,0)+IF(Build!$G$19="AGI",Build!$H$19,0)) | H7: =IF(Build!$B$19="(keep equipped)",EquipBase!$F$7,IF(OR(Build!$B$19="(none)",Build!$B$19=""),0,IFERROR(INDEX(GearDB_INT,$B$7),0)))+IF(Build!$B$19="(keep equipped)",0,IF($C$7>0,Build!$D$19*INDEX(AugDB_INT,$C$7),0)+IF(Build!$E$19="INT",Build!$F$19,0)+IF(Build!$G$19="INT",Build!$H$19,0)) | I7: =IF(Build!$B$19="(keep equipped)",EquipBase!$G$7,IF(OR(Build!$B$19="(none)",Build!$B$19=""),0,IFERROR(INDEX(GearDB_MND,$B$7),0)))+IF(Build!$B$19="(keep equipped)",0,IF($C$7>0,Build!$D$19*INDEX(AugDB_MND,$C$7),0)+IF(Build!$E$19="MND",Build!$F$19,0)+IF(Build!$G$19="MND",Build!$H$19,0)) | J7: =IF(Build!$B$19="(keep equipped)",EquipBase!$H$7,IF(OR(Build!$B$19="(none)",Build!$B$19=""),0,IFERROR(INDEX(GearDB_CHR,$B$7),0)))+IF(Build!$B$19="(keep equipped)",0,IF($C$7>0,Build!$D$19*INDEX(AugDB_CHR,$C$7),0)+IF(Build!$E$19="CHR",Build!$F$19,0)+IF(Build!$G$19="CHR",Build!$H$19,0)) | K7: =IF(Build!$B$19="(keep equipped)",EquipBase!$I$7,IF(OR(Build!$B$19="(none)",Build!$B$19=""),0,IFERROR(INDEX(GearDB_ATT,$B$7),0)))+IF(Build!$B$19="(keep equipped)",0,IF($C$7>0,Build!$D$19*INDEX(AugDB_ATT,$C$7),0)+IF(Build!$E$19="ATT",Build!$F$19,0)+IF(Build!$G$19="ATT",Build!$H$19,0)) | L7: =IF(Build!$B$19="(keep equipped)",EquipBase!$J$7,IF(OR(Build!$B$19="(none)",Build!$B$19=""),0,IFERROR(INDEX(GearDB_ATTP,$B$7),0)))+IF(Build!$B$19="(keep equipped)",0,IF($C$7>0,Build!$D$19*INDEX(AugDB_ATTP,$C$7),0)+IF(Build!$E$19="ATTP",Build!$F$19,0)+IF(Build!$G$19="ATTP",Build!$H$19,0)) | M7: =IF(Build!$B$19="(keep equipped)",EquipBase!$K$7,IF(OR(Build!$B$19="(none)",Build!$B$19=""),0,IFERROR(INDEX(GearDB_ACC,$B$7),0)))+IF(Build!$B$19="(keep equipped)",0,IF($C$7>0,Build!$D$19*INDEX(AugDB_ACC,$C$7),0)+IF(Build!$E$19="ACC",Build!$F$19,0)+IF(Build!$G$19="ACC",Build!$H$19,0)) | N7: =IF(Build!$B$19="(keep equipped)",EquipBase!$L$7,IF(OR(Build!$B$19="(none)",Build!$B$19=""),0,IFERROR(INDEX(GearDB_CRITHITRATE,$B$7),0)))+IF(Build!$B$19="(keep equipped)",0,IF($C$7>0,Build!$D$19*INDEX(AugDB_CRITHITRATE,$C$7),0)+IF(Build!$E$19="CRITHITRATE",Build!$F$19,0)+IF(Build!$G$19="CRITHITRATE",Build!$H$19,0)) | O7: =IF(Build!$B$19="(keep equipped)",EquipBase!$M$7,IF(OR(Build!$B$19="(none)",Build!$B$19=""),0,IFERROR(INDEX(GearDB_CRIT_DMG_INCREASE,$B$7),0)))+IF(Build!$B$19="(keep equipped)",0,IF($C$7>0,Build!$D$19*INDEX(AugDB_CRIT_DMG_INCREASE,$C$7),0)+IF(Build!$E$19="CRIT_DMG_INCREASE",Build!$F$19,0)+IF(Build!$G$19="CRIT_DMG_INCREASE",Build!$H$19,0)) | P7: =IF(Build!$B$19="(keep equipped)",EquipBase!$N$7,IF(OR(Build!$B$19="(none)",Build!$B$19=""),0,IFERROR(INDEX(GearDB_DOUBLE_ATTACK,$B$7),0)))+IF(Build!$B$19="(keep equipped)",0,IF($C$7>0,Build!$D$19*INDEX(AugDB_DOUBLE_ATTACK,$C$7),0)+IF(Build!$E$19="DOUBLE_ATTACK",Build!$F$19,0)+IF(Build!$G$19="DOUBLE_ATTACK",Build!$H$19,0)) | Q7: =IF(Build!$B$19="(keep equipped)",EquipBase!$O$7,IF(OR(Build!$B$19="(none)",Build!$B$19=""),0,IFERROR(INDEX(GearDB_TRIPLE_ATTACK,$B$7),0)))+IF(Build!$B$19="(keep equipped)",0,IF($C$7>0,Build!$D$19*INDEX(AugDB_TRIPLE_ATTACK,$C$7),0)+IF(Build!$E$19="TRIPLE_ATTACK",Build!$F$19,0)+IF(Build!$G$19="TRIPLE_ATTACK",Build!$H$19,0)) | R7: =IF(Build!$B$19="(keep equipped)",EquipBase!$P$7,IF(OR(Build!$B$19="(none)",Build!$B$19=""),0,IFERROR(INDEX(GearDB_QUAD_ATTACK,$B$7),0)))+IF(Build!$B$19="(keep equipped)",0,IF($C$7>0,Build!$D$19*INDEX(AugDB_QUAD_ATTACK,$C$7),0)+IF(Build!$E$19="QUAD_ATTACK",Build!$F$19,0)+IF(Build!$G$19="QUAD_ATTACK",Build!$H$19,0)) | S7: =IF(Build!$B$19="(keep equipped)",EquipBase!$Q$7,IF(OR(Build!$B$19="(none)",Build!$B$19=""),0,IFERROR(INDEX(GearDB_HASTE_GEAR,$B$7),0)))+IF(Build!$B$19="(keep equipped)",0,IF($C$7>0,Build!$D$19*INDEX(AugDB_HASTE_GEAR,$C$7),0)+IF(Build!$E$19="HASTE_GEAR",Build!$F$19,0)+IF(Build!$G$19="HASTE_GEAR",Build!$H$19,0)) | T7: =IF(Build!$B$19="(keep equipped)",EquipBase!$R$7,IF(OR(Build!$B$19="(none)",Build!$B$19=""),0,IFERROR(INDEX(GearDB_HASTE_MAGIC,$B$7),0)))+IF(Build!$B$19="(keep equipped)",0,IF($C$7>0,Build!$D$19*INDEX(AugDB_HASTE_MAGIC,$C$7),0)+IF(Build!$E$19="HASTE_MAGIC",Build!$F$19,0)+IF(Build!$G$19="HASTE_MAGIC",Build!$H$19,0)) | U7: =IF(Build!$B$19="(keep equipped)",EquipBase!$S$7,IF(OR(Build!$B$19="(none)",Build!$B$19=""),0,IFERROR(INDEX(GearDB_HASTE_ABILITY,$B$7),0)))+IF(Build!$B$19="(keep equipped)",0,IF($C$7>0,Build!$D$19*INDEX(AugDB_HASTE_ABILITY,$C$7),0)+IF(Build!$E$19="HASTE_ABILITY",Build!$F$19,0)+IF(Build!$G$19="HASTE_ABILITY",Build!$H$19,0)) | V7: =IF(Build!$B$19="(keep equipped)",EquipBase!$T$7,IF(OR(Build!$B$19="(none)",Build!$B$19=""),0,IFERROR(INDEX(GearDB_DUAL_WIELD,$B$7),0)))+IF(Build!$B$19="(keep equipped)",0,IF($C$7>0,Build!$D$19*INDEX(AugDB_DUAL_WIELD,$C$7),0)+IF(Build!$E$19="DUAL_WIELD",Build!$F$19,0)+IF(Build!$G$19="DUAL_WIELD",Build!$H$19,0)) | W7: =IF(Build!$B$19="(keep equipped)",EquipBase!$U$7,IF(OR(Build!$B$19="(none)",Build!$B$19=""),0,IFERROR(INDEX(GearDB_STORETP,$B$7),0)))+IF(Build!$B$19="(keep equipped)",0,IF($C$7>0,Build!$D$19*INDEX(AugDB_STORETP,$C$7),0)+IF(Build!$E$19="STORETP",Build!$F$19,0)+IF(Build!$G$19="STORETP",Build!$H$19,0)) | X7: =IF(Build!$B$19="(keep equipped)",EquipBase!$V$7,IF(OR(Build!$B$19="(none)",Build!$B$19=""),0,IFERROR(INDEX(GearDB_TP_BONUS,$B$7),0)))+IF(Build!$B$19="(keep equipped)",0,IF($C$7>0,Build!$D$19*INDEX(AugDB_TP_BONUS,$C$7),0)+IF(Build!$E$19="TP_BONUS",Build!$F$19,0)+IF(Build!$G$19="TP_BONUS",Build!$H$19,0)) | Y7: =IF(Build!$B$19="(keep equipped)",EquipBase!$W$7,IF(OR(Build!$B$19="(none)",Build!$B$19=""),0,IFERROR(INDEX(GearDB_ALL_WSDMG_ALL_HITS,$B$7),0)))+IF(Build!$B$19="(keep equipped)",0,IF($C$7>0,Build!$D$19*INDEX(AugDB_ALL_WSDMG_ALL_HITS,$C$7),0)+IF(Build!$E$19="ALL_WSDMG_ALL_HITS",Build!$F$19,0)+IF(Build!$G$19="ALL_WSDMG_ALL_HITS",Build!$H$19,0)) | Z7: =IF(Build!$B$19="(keep equipped)",EquipBase!$X$7,IF(OR(Build!$B$19="(none)",Build!$B$19=""),0,IFERROR(INDEX(GearDB_ALL_WSDMG_FIRST_HIT,$B$7),0)))+IF(Build!$B$19="(keep equipped)",0,IF($C$7>0,Build!$D$19*INDEX(AugDB_ALL_WSDMG_FIRST_HIT,$C$7),0)+IF(Build!$E$19="ALL_WSDMG_FIRST_HIT",Build!$F$19,0)+IF(Build!$G$19="ALL_WSDMG_FIRST_HIT",Build!$H$19,0)) | AA7: =IF(Build!$B$19="(keep equipped)",EquipBase!$Y$7,IF(OR(Build!$B$19="(none)",Build!$B$19=""),0,IFERROR(INDEX(GearDB_ANY_FTP_BONUS,$B$7),0)))+IF(Build!$B$19="(keep equipped)",0,IF($C$7>0,Build!$D$19*INDEX(AugDB_ANY_FTP_BONUS,$C$7),0)+IF(Build!$E$19="ANY_FTP_BONUS",Build!$F$19,0)+IF(Build!$G$19="ANY_FTP_BONUS",Build!$H$19,0)) | AB7: =IF(Build!$B$19="(keep equipped)",EquipBase!$Z$7,IF(OR(Build!$B$19="(none)",Build!$B$19=""),0,IFERROR(INDEX(GearDB_WSACC,$B$7),0)))+IF(Build!$B$19="(keep equipped)",0,IF($C$7>0,Build!$D$19*INDEX(AugDB_WSACC,$C$7),0)+IF(Build!$E$19="WSACC",Build!$F$19,0)+IF(Build!$G$19="WSACC",Build!$H$19,0)) | AC7: =IF(Build!$B$19="(keep equipped)",EquipBase!$AA$7,IF(OR(Build!$B$19="(none)",Build!$B$19=""),0,IFERROR(INDEX(GearDB_WSDMG_225,$B$7),0)))+IF(Build!$B$19="(keep equipped)",0,IF($C$7>0,Build!$D$19*INDEX(AugDB_WSDMG_225,$C$7),0)+IF(Build!$E$19="WSDMG_225",Build!$F$19,0)+IF(Build!$G$19="WSDMG_225",Build!$H$19,0))
A8: feet | B8: =IFERROR(MATCH(Build!$B$20,GearDB_names,0),0) | C8: =IFERROR(MATCH(Build!$C$20,AugDB_labels,0),0) | D8: =IF(Build!$B$20="(keep equipped)",EquipBase!$B$8,IF(OR(Build!$B$20="(none)",Build!$B$20=""),0,IFERROR(INDEX(GearDB_STR,$B$8),0)))+IF(Build!$B$20="(keep equipped)",0,IF($C$8>0,Build!$D$20*INDEX(AugDB_STR,$C$8),0)+IF(Build!$E$20="STR",Build!$F$20,0)+IF(Build!$G$20="STR",Build!$H$20,0)) | E8: =IF(Build!$B$20="(keep equipped)",EquipBase!$C$8,IF(OR(Build!$B$20="(none)",Build!$B$20=""),0,IFERROR(INDEX(GearDB_DEX,$B$8),0)))+IF(Build!$B$20="(keep equipped)",0,IF($C$8>0,Build!$D$20*INDEX(AugDB_DEX,$C$8),0)+IF(Build!$E$20="DEX",Build!$F$20,0)+IF(Build!$G$20="DEX",Build!$H$20,0)) | F8: =IF(Build!$B$20="(keep equipped)",EquipBase!$D$8,IF(OR(Build!$B$20="(none)",Build!$B$20=""),0,IFERROR(INDEX(GearDB_VIT,$B$8),0)))+IF(Build!$B$20="(keep equipped)",0,IF($C$8>0,Build!$D$20*INDEX(AugDB_VIT,$C$8),0)+IF(Build!$E$20="VIT",Build!$F$20,0)+IF(Build!$G$20="VIT",Build!$H$20,0)) | G8: =IF(Build!$B$20="(keep equipped)",EquipBase!$E$8,IF(OR(Build!$B$20="(none)",Build!$B$20=""),0,IFERROR(INDEX(GearDB_AGI,$B$8),0)))+IF(Build!$B$20="(keep equipped)",0,IF($C$8>0,Build!$D$20*INDEX(AugDB_AGI,$C$8),0)+IF(Build!$E$20="AGI",Build!$F$20,0)+IF(Build!$G$20="AGI",Build!$H$20,0)) | H8: =IF(Build!$B$20="(keep equipped)",EquipBase!$F$8,IF(OR(Build!$B$20="(none)",Build!$B$20=""),0,IFERROR(INDEX(GearDB_INT,$B$8),0)))+IF(Build!$B$20="(keep equipped)",0,IF($C$8>0,Build!$D$20*INDEX(AugDB_INT,$C$8),0)+IF(Build!$E$20="INT",Build!$F$20,0)+IF(Build!$G$20="INT",Build!$H$20,0)) | I8: =IF(Build!$B$20="(keep equipped)",EquipBase!$G$8,IF(OR(Build!$B$20="(none)",Build!$B$20=""),0,IFERROR(INDEX(GearDB_MND,$B$8),0)))+IF(Build!$B$20="(keep equipped)",0,IF($C$8>0,Build!$D$20*INDEX(AugDB_MND,$C$8),0)+IF(Build!$E$20="MND",Build!$F$20,0)+IF(Build!$G$20="MND",Build!$H$20,0)) | J8: =IF(Build!$B$20="(keep equipped)",EquipBase!$H$8,IF(OR(Build!$B$20="(none)",Build!$B$20=""),0,IFERROR(INDEX(GearDB_CHR,$B$8),0)))+IF(Build!$B$20="(keep equipped)",0,IF($C$8>0,Build!$D$20*INDEX(AugDB_CHR,$C$8),0)+IF(Build!$E$20="CHR",Build!$F$20,0)+IF(Build!$G$20="CHR",Build!$H$20,0)) | K8: =IF(Build!$B$20="(keep equipped)",EquipBase!$I$8,IF(OR(Build!$B$20="(none)",Build!$B$20=""),0,IFERROR(INDEX(GearDB_ATT,$B$8),0)))+IF(Build!$B$20="(keep equipped)",0,IF($C$8>0,Build!$D$20*INDEX(AugDB_ATT,$C$8),0)+IF(Build!$E$20="ATT",Build!$F$20,0)+IF(Build!$G$20="ATT",Build!$H$20,0)) | L8: =IF(Build!$B$20="(keep equipped)",EquipBase!$J$8,IF(OR(Build!$B$20="(none)",Build!$B$20=""),0,IFERROR(INDEX(GearDB_ATTP,$B$8),0)))+IF(Build!$B$20="(keep equipped)",0,IF($C$8>0,Build!$D$20*INDEX(AugDB_ATTP,$C$8),0)+IF(Build!$E$20="ATTP",Build!$F$20,0)+IF(Build!$G$20="ATTP",Build!$H$20,0)) | M8: =IF(Build!$B$20="(keep equipped)",EquipBase!$K$8,IF(OR(Build!$B$20="(none)",Build!$B$20=""),0,IFERROR(INDEX(GearDB_ACC,$B$8),0)))+IF(Build!$B$20="(keep equipped)",0,IF($C$8>0,Build!$D$20*INDEX(AugDB_ACC,$C$8),0)+IF(Build!$E$20="ACC",Build!$F$20,0)+IF(Build!$G$20="ACC",Build!$H$20,0)) | N8: =IF(Build!$B$20="(keep equipped)",EquipBase!$L$8,IF(OR(Build!$B$20="(none)",Build!$B$20=""),0,IFERROR(INDEX(GearDB_CRITHITRATE,$B$8),0)))+IF(Build!$B$20="(keep equipped)",0,IF($C$8>0,Build!$D$20*INDEX(AugDB_CRITHITRATE,$C$8),0)+IF(Build!$E$20="CRITHITRATE",Build!$F$20,0)+IF(Build!$G$20="CRITHITRATE",Build!$H$20,0)) | O8: =IF(Build!$B$20="(keep equipped)",EquipBase!$M$8,IF(OR(Build!$B$20="(none)",Build!$B$20=""),0,IFERROR(INDEX(GearDB_CRIT_DMG_INCREASE,$B$8),0)))+IF(Build!$B$20="(keep equipped)",0,IF($C$8>0,Build!$D$20*INDEX(AugDB_CRIT_DMG_INCREASE,$C$8),0)+IF(Build!$E$20="CRIT_DMG_INCREASE",Build!$F$20,0)+IF(Build!$G$20="CRIT_DMG_INCREASE",Build!$H$20,0)) | P8: =IF(Build!$B$20="(keep equipped)",EquipBase!$N$8,IF(OR(Build!$B$20="(none)",Build!$B$20=""),0,IFERROR(INDEX(GearDB_DOUBLE_ATTACK,$B$8),0)))+IF(Build!$B$20="(keep equipped)",0,IF($C$8>0,Build!$D$20*INDEX(AugDB_DOUBLE_ATTACK,$C$8),0)+IF(Build!$E$20="DOUBLE_ATTACK",Build!$F$20,0)+IF(Build!$G$20="DOUBLE_ATTACK",Build!$H$20,0)) | Q8: =IF(Build!$B$20="(keep equipped)",EquipBase!$O$8,IF(OR(Build!$B$20="(none)",Build!$B$20=""),0,IFERROR(INDEX(GearDB_TRIPLE_ATTACK,$B$8),0)))+IF(Build!$B$20="(keep equipped)",0,IF($C$8>0,Build!$D$20*INDEX(AugDB_TRIPLE_ATTACK,$C$8),0)+IF(Build!$E$20="TRIPLE_ATTACK",Build!$F$20,0)+IF(Build!$G$20="TRIPLE_ATTACK",Build!$H$20,0)) | R8: =IF(Build!$B$20="(keep equipped)",EquipBase!$P$8,IF(OR(Build!$B$20="(none)",Build!$B$20=""),0,IFERROR(INDEX(GearDB_QUAD_ATTACK,$B$8),0)))+IF(Build!$B$20="(keep equipped)",0,IF($C$8>0,Build!$D$20*INDEX(AugDB_QUAD_ATTACK,$C$8),0)+IF(Build!$E$20="QUAD_ATTACK",Build!$F$20,0)+IF(Build!$G$20="QUAD_ATTACK",Build!$H$20,0)) | S8: =IF(Build!$B$20="(keep equipped)",EquipBase!$Q$8,IF(OR(Build!$B$20="(none)",Build!$B$20=""),0,IFERROR(INDEX(GearDB_HASTE_GEAR,$B$8),0)))+IF(Build!$B$20="(keep equipped)",0,IF($C$8>0,Build!$D$20*INDEX(AugDB_HASTE_GEAR,$C$8),0)+IF(Build!$E$20="HASTE_GEAR",Build!$F$20,0)+IF(Build!$G$20="HASTE_GEAR",Build!$H$20,0)) | T8: =IF(Build!$B$20="(keep equipped)",EquipBase!$R$8,IF(OR(Build!$B$20="(none)",Build!$B$20=""),0,IFERROR(INDEX(GearDB_HASTE_MAGIC,$B$8),0)))+IF(Build!$B$20="(keep equipped)",0,IF($C$8>0,Build!$D$20*INDEX(AugDB_HASTE_MAGIC,$C$8),0)+IF(Build!$E$20="HASTE_MAGIC",Build!$F$20,0)+IF(Build!$G$20="HASTE_MAGIC",Build!$H$20,0)) | U8: =IF(Build!$B$20="(keep equipped)",EquipBase!$S$8,IF(OR(Build!$B$20="(none)",Build!$B$20=""),0,IFERROR(INDEX(GearDB_HASTE_ABILITY,$B$8),0)))+IF(Build!$B$20="(keep equipped)",0,IF($C$8>0,Build!$D$20*INDEX(AugDB_HASTE_ABILITY,$C$8),0)+IF(Build!$E$20="HASTE_ABILITY",Build!$F$20,0)+IF(Build!$G$20="HASTE_ABILITY",Build!$H$20,0)) | V8: =IF(Build!$B$20="(keep equipped)",EquipBase!$T$8,IF(OR(Build!$B$20="(none)",Build!$B$20=""),0,IFERROR(INDEX(GearDB_DUAL_WIELD,$B$8),0)))+IF(Build!$B$20="(keep equipped)",0,IF($C$8>0,Build!$D$20*INDEX(AugDB_DUAL_WIELD,$C$8),0)+IF(Build!$E$20="DUAL_WIELD",Build!$F$20,0)+IF(Build!$G$20="DUAL_WIELD",Build!$H$20,0)) | W8: =IF(Build!$B$20="(keep equipped)",EquipBase!$U$8,IF(OR(Build!$B$20="(none)",Build!$B$20=""),0,IFERROR(INDEX(GearDB_STORETP,$B$8),0)))+IF(Build!$B$20="(keep equipped)",0,IF($C$8>0,Build!$D$20*INDEX(AugDB_STORETP,$C$8),0)+IF(Build!$E$20="STORETP",Build!$F$20,0)+IF(Build!$G$20="STORETP",Build!$H$20,0)) | X8: =IF(Build!$B$20="(keep equipped)",EquipBase!$V$8,IF(OR(Build!$B$20="(none)",Build!$B$20=""),0,IFERROR(INDEX(GearDB_TP_BONUS,$B$8),0)))+IF(Build!$B$20="(keep equipped)",0,IF($C$8>0,Build!$D$20*INDEX(AugDB_TP_BONUS,$C$8),0)+IF(Build!$E$20="TP_BONUS",Build!$F$20,0)+IF(Build!$G$20="TP_BONUS",Build!$H$20,0)) | Y8: =IF(Build!$B$20="(keep equipped)",EquipBase!$W$8,IF(OR(Build!$B$20="(none)",Build!$B$20=""),0,IFERROR(INDEX(GearDB_ALL_WSDMG_ALL_HITS,$B$8),0)))+IF(Build!$B$20="(keep equipped)",0,IF($C$8>0,Build!$D$20*INDEX(AugDB_ALL_WSDMG_ALL_HITS,$C$8),0)+IF(Build!$E$20="ALL_WSDMG_ALL_HITS",Build!$F$20,0)+IF(Build!$G$20="ALL_WSDMG_ALL_HITS",Build!$H$20,0)) | Z8: =IF(Build!$B$20="(keep equipped)",EquipBase!$X$8,IF(OR(Build!$B$20="(none)",Build!$B$20=""),0,IFERROR(INDEX(GearDB_ALL_WSDMG_FIRST_HIT,$B$8),0)))+IF(Build!$B$20="(keep equipped)",0,IF($C$8>0,Build!$D$20*INDEX(AugDB_ALL_WSDMG_FIRST_HIT,$C$8),0)+IF(Build!$E$20="ALL_WSDMG_FIRST_HIT",Build!$F$20,0)+IF(Build!$G$20="ALL_WSDMG_FIRST_HIT",Build!$H$20,0)) | AA8: =IF(Build!$B$20="(keep equipped)",EquipBase!$Y$8,IF(OR(Build!$B$20="(none)",Build!$B$20=""),0,IFERROR(INDEX(GearDB_ANY_FTP_BONUS,$B$8),0)))+IF(Build!$B$20="(keep equipped)",0,IF($C$8>0,Build!$D$20*INDEX(AugDB_ANY_FTP_BONUS,$C$8),0)+IF(Build!$E$20="ANY_FTP_BONUS",Build!$F$20,0)+IF(Build!$G$20="ANY_FTP_BONUS",Build!$H$20,0)) | AB8: =IF(Build!$B$20="(keep equipped)",EquipBase!$Z$8,IF(OR(Build!$B$20="(none)",Build!$B$20=""),0,IFERROR(INDEX(GearDB_WSACC,$B$8),0)))+IF(Build!$B$20="(keep equipped)",0,IF($C$8>0,Build!$D$20*INDEX(AugDB_WSACC,$C$8),0)+IF(Build!$E$20="WSACC",Build!$F$20,0)+IF(Build!$G$20="WSACC",Build!$H$20,0)) | AC8: =IF(Build!$B$20="(keep equipped)",EquipBase!$AA$8,IF(OR(Build!$B$20="(none)",Build!$B$20=""),0,IFERROR(INDEX(GearDB_WSDMG_225,$B$8),0)))+IF(Build!$B$20="(keep equipped)",0,IF($C$8>0,Build!$D$20*INDEX(AugDB_WSDMG_225,$C$8),0)+IF(Build!$E$20="WSDMG_225",Build!$F$20,0)+IF(Build!$G$20="WSDMG_225",Build!$H$20,0))
A9: neck | B9: =IFERROR(MATCH(Build!$B$21,GearDB_names,0),0) | C9: =IFERROR(MATCH(Build!$C$21,AugDB_labels,0),0) | D9: =IF(Build!$B$21="(keep equipped)",EquipBase!$B$9,IF(OR(Build!$B$21="(none)",Build!$B$21=""),0,IFERROR(INDEX(GearDB_STR,$B$9),0)))+IF(Build!$B$21="(keep equipped)",0,IF($C$9>0,Build!$D$21*INDEX(AugDB_STR,$C$9),0)+IF(Build!$E$21="STR",Build!$F$21,0)+IF(Build!$G$21="STR",Build!$H$21,0)) | E9: =IF(Build!$B$21="(keep equipped)",EquipBase!$C$9,IF(OR(Build!$B$21="(none)",Build!$B$21=""),0,IFERROR(INDEX(GearDB_DEX,$B$9),0)))+IF(Build!$B$21="(keep equipped)",0,IF($C$9>0,Build!$D$21*INDEX(AugDB_DEX,$C$9),0)+IF(Build!$E$21="DEX",Build!$F$21,0)+IF(Build!$G$21="DEX",Build!$H$21,0)) | F9: =IF(Build!$B$21="(keep equipped)",EquipBase!$D$9,IF(OR(Build!$B$21="(none)",Build!$B$21=""),0,IFERROR(INDEX(GearDB_VIT,$B$9),0)))+IF(Build!$B$21="(keep equipped)",0,IF($C$9>0,Build!$D$21*INDEX(AugDB_VIT,$C$9),0)+IF(Build!$E$21="VIT",Build!$F$21,0)+IF(Build!$G$21="VIT",Build!$H$21,0)) | G9: =IF(Build!$B$21="(keep equipped)",EquipBase!$E$9,IF(OR(Build!$B$21="(none)",Build!$B$21=""),0,IFERROR(INDEX(GearDB_AGI,$B$9),0)))+IF(Build!$B$21="(keep equipped)",0,IF($C$9>0,Build!$D$21*INDEX(AugDB_AGI,$C$9),0)+IF(Build!$E$21="AGI",Build!$F$21,0)+IF(Build!$G$21="AGI",Build!$H$21,0)) | H9: =IF(Build!$B$21="(keep equipped)",EquipBase!$F$9,IF(OR(Build!$B$21="(none)",Build!$B$21=""),0,IFERROR(INDEX(GearDB_INT,$B$9),0)))+IF(Build!$B$21="(keep equipped)",0,IF($C$9>0,Build!$D$21*INDEX(AugDB_INT,$C$9),0)+IF(Build!$E$21="INT",Build!$F$21,0)+IF(Build!$G$21="INT",Build!$H$21,0)) | I9: =IF(Build!$B$21="(keep equipped)",EquipBase!$G$9,IF(OR(Build!$B$21="(none)",Build!$B$21=""),0,IFERROR(INDEX(GearDB_MND,$B$9),0)))+IF(Build!$B$21="(keep equipped)",0,IF($C$9>0,Build!$D$21*INDEX(AugDB_MND,$C$9),0)+IF(Build!$E$21="MND",Build!$F$21,0)+IF(Build!$G$21="MND",Build!$H$21,0)) | J9: =IF(Build!$B$21="(keep equipped)",EquipBase!$H$9,IF(OR(Build!$B$21="(none)",Build!$B$21=""),0,IFERROR(INDEX(GearDB_CHR,$B$9),0)))+IF(Build!$B$21="(keep equipped)",0,IF($C$9>0,Build!$D$21*INDEX(AugDB_CHR,$C$9),0)+IF(Build!$E$21="CHR",Build!$F$21,0)+IF(Build!$G$21="CHR",Build!$H$21,0)) | K9: =IF(Build!$B$21="(keep equipped)",EquipBase!$I$9,IF(OR(Build!$B$21="(none)",Build!$B$21=""),0,IFERROR(INDEX(GearDB_ATT,$B$9),0)))+IF(Build!$B$21="(keep equipped)",0,IF($C$9>0,Build!$D$21*INDEX(AugDB_ATT,$C$9),0)+IF(Build!$E$21="ATT",Build!$F$21,0)+IF(Build!$G$21="ATT",Build!$H$21,0)) | L9: =IF(Build!$B$21="(keep equipped)",EquipBase!$J$9,IF(OR(Build!$B$21="(none)",Build!$B$21=""),0,IFERROR(INDEX(GearDB_ATTP,$B$9),0)))+IF(Build!$B$21="(keep equipped)",0,IF($C$9>0,Build!$D$21*INDEX(AugDB_ATTP,$C$9),0)+IF(Build!$E$21="ATTP",Build!$F$21,0)+IF(Build!$G$21="ATTP",Build!$H$21,0)) | M9: =IF(Build!$B$21="(keep equipped)",EquipBase!$K$9,IF(OR(Build!$B$21="(none)",Build!$B$21=""),0,IFERROR(INDEX(GearDB_ACC,$B$9),0)))+IF(Build!$B$21="(keep equipped)",0,IF($C$9>0,Build!$D$21*INDEX(AugDB_ACC,$C$9),0)+IF(Build!$E$21="ACC",Build!$F$21,0)+IF(Build!$G$21="ACC",Build!$H$21,0)) | N9: =IF(Build!$B$21="(keep equipped)",EquipBase!$L$9,IF(OR(Build!$B$21="(none)",Build!$B$21=""),0,IFERROR(INDEX(GearDB_CRITHITRATE,$B$9),0)))+IF(Build!$B$21="(keep equipped)",0,IF($C$9>0,Build!$D$21*INDEX(AugDB_CRITHITRATE,$C$9),0)+IF(Build!$E$21="CRITHITRATE",Build!$F$21,0)+IF(Build!$G$21="CRITHITRATE",Build!$H$21,0)) | O9: =IF(Build!$B$21="(keep equipped)",EquipBase!$M$9,IF(OR(Build!$B$21="(none)",Build!$B$21=""),0,IFERROR(INDEX(GearDB_CRIT_DMG_INCREASE,$B$9),0)))+IF(Build!$B$21="(keep equipped)",0,IF($C$9>0,Build!$D$21*INDEX(AugDB_CRIT_DMG_INCREASE,$C$9),0)+IF(Build!$E$21="CRIT_DMG_INCREASE",Build!$F$21,0)+IF(Build!$G$21="CRIT_DMG_INCREASE",Build!$H$21,0)) | P9: =IF(Build!$B$21="(keep equipped)",EquipBase!$N$9,IF(OR(Build!$B$21="(none)",Build!$B$21=""),0,IFERROR(INDEX(GearDB_DOUBLE_ATTACK,$B$9),0)))+IF(Build!$B$21="(keep equipped)",0,IF($C$9>0,Build!$D$21*INDEX(AugDB_DOUBLE_ATTACK,$C$9),0)+IF(Build!$E$21="DOUBLE_ATTACK",Build!$F$21,0)+IF(Build!$G$21="DOUBLE_ATTACK",Build!$H$21,0)) | Q9: =IF(Build!$B$21="(keep equipped)",EquipBase!$O$9,IF(OR(Build!$B$21="(none)",Build!$B$21=""),0,IFERROR(INDEX(GearDB_TRIPLE_ATTACK,$B$9),0)))+IF(Build!$B$21="(keep equipped)",0,IF($C$9>0,Build!$D$21*INDEX(AugDB_TRIPLE_ATTACK,$C$9),0)+IF(Build!$E$21="TRIPLE_ATTACK",Build!$F$21,0)+IF(Build!$G$21="TRIPLE_ATTACK",Build!$H$21,0)) | R9: =IF(Build!$B$21="(keep equipped)",EquipBase!$P$9,IF(OR(Build!$B$21="(none)",Build!$B$21=""),0,IFERROR(INDEX(GearDB_QUAD_ATTACK,$B$9),0)))+IF(Build!$B$21="(keep equipped)",0,IF($C$9>0,Build!$D$21*INDEX(AugDB_QUAD_ATTACK,$C$9),0)+IF(Build!$E$21="QUAD_ATTACK",Build!$F$21,0)+IF(Build!$G$21="QUAD_ATTACK",Build!$H$21,0)) | S9: =IF(Build!$B$21="(keep equipped)",EquipBase!$Q$9,IF(OR(Build!$B$21="(none)",Build!$B$21=""),0,IFERROR(INDEX(GearDB_HASTE_GEAR,$B$9),0)))+IF(Build!$B$21="(keep equipped)",0,IF($C$9>0,Build!$D$21*INDEX(AugDB_HASTE_GEAR,$C$9),0)+IF(Build!$E$21="HASTE_GEAR",Build!$F$21,0)+IF(Build!$G$21="HASTE_GEAR",Build!$H$21,0)) | T9: =IF(Build!$B$21="(keep equipped)",EquipBase!$R$9,IF(OR(Build!$B$21="(none)",Build!$B$21=""),0,IFERROR(INDEX(GearDB_HASTE_MAGIC,$B$9),0)))+IF(Build!$B$21="(keep equipped)",0,IF($C$9>0,Build!$D$21*INDEX(AugDB_HASTE_MAGIC,$C$9),0)+IF(Build!$E$21="HASTE_MAGIC",Build!$F$21,0)+IF(Build!$G$21="HASTE_MAGIC",Build!$H$21,0)) | U9: =IF(Build!$B$21="(keep equipped)",EquipBase!$S$9,IF(OR(Build!$B$21="(none)",Build!$B$21=""),0,IFERROR(INDEX(GearDB_HASTE_ABILITY,$B$9),0)))+IF(Build!$B$21="(keep equipped)",0,IF($C$9>0,Build!$D$21*INDEX(AugDB_HASTE_ABILITY,$C$9),0)+IF(Build!$E$21="HASTE_ABILITY",Build!$F$21,0)+IF(Build!$G$21="HASTE_ABILITY",Build!$H$21,0)) | V9: =IF(Build!$B$21="(keep equipped)",EquipBase!$T$9,IF(OR(Build!$B$21="(none)",Build!$B$21=""),0,IFERROR(INDEX(GearDB_DUAL_WIELD,$B$9),0)))+IF(Build!$B$21="(keep equipped)",0,IF($C$9>0,Build!$D$21*INDEX(AugDB_DUAL_WIELD,$C$9),0)+IF(Build!$E$21="DUAL_WIELD",Build!$F$21,0)+IF(Build!$G$21="DUAL_WIELD",Build!$H$21,0)) | W9: =IF(Build!$B$21="(keep equipped)",EquipBase!$U$9,IF(OR(Build!$B$21="(none)",Build!$B$21=""),0,IFERROR(INDEX(GearDB_STORETP,$B$9),0)))+IF(Build!$B$21="(keep equipped)",0,IF($C$9>0,Build!$D$21*INDEX(AugDB_STORETP,$C$9),0)+IF(Build!$E$21="STORETP",Build!$F$21,0)+IF(Build!$G$21="STORETP",Build!$H$21,0)) | X9: =IF(Build!$B$21="(keep equipped)",EquipBase!$V$9,IF(OR(Build!$B$21="(none)",Build!$B$21=""),0,IFERROR(INDEX(GearDB_TP_BONUS,$B$9),0)))+IF(Build!$B$21="(keep equipped)",0,IF($C$9>0,Build!$D$21*INDEX(AugDB_TP_BONUS,$C$9),0)+IF(Build!$E$21="TP_BONUS",Build!$F$21,0)+IF(Build!$G$21="TP_BONUS",Build!$H$21,0)) | Y9: =IF(Build!$B$21="(keep equipped)",EquipBase!$W$9,IF(OR(Build!$B$21="(none)",Build!$B$21=""),0,IFERROR(INDEX(GearDB_ALL_WSDMG_ALL_HITS,$B$9),0)))+IF(Build!$B$21="(keep equipped)",0,IF($C$9>0,Build!$D$21*INDEX(AugDB_ALL_WSDMG_ALL_HITS,$C$9),0)+IF(Build!$E$21="ALL_WSDMG_ALL_HITS",Build!$F$21,0)+IF(Build!$G$21="ALL_WSDMG_ALL_HITS",Build!$H$21,0)) | Z9: =IF(Build!$B$21="(keep equipped)",EquipBase!$X$9,IF(OR(Build!$B$21="(none)",Build!$B$21=""),0,IFERROR(INDEX(GearDB_ALL_WSDMG_FIRST_HIT,$B$9),0)))+IF(Build!$B$21="(keep equipped)",0,IF($C$9>0,Build!$D$21*INDEX(AugDB_ALL_WSDMG_FIRST_HIT,$C$9),0)+IF(Build!$E$21="ALL_WSDMG_FIRST_HIT",Build!$F$21,0)+IF(Build!$G$21="ALL_WSDMG_FIRST_HIT",Build!$H$21,0)) | AA9: =IF(Build!$B$21="(keep equipped)",EquipBase!$Y$9,IF(OR(Build!$B$21="(none)",Build!$B$21=""),0,IFERROR(INDEX(GearDB_ANY_FTP_BONUS,$B$9),0)))+IF(Build!$B$21="(keep equipped)",0,IF($C$9>0,Build!$D$21*INDEX(AugDB_ANY_FTP_BONUS,$C$9),0)+IF(Build!$E$21="ANY_FTP_BONUS",Build!$F$21,0)+IF(Build!$G$21="ANY_FTP_BONUS",Build!$H$21,0)) | AB9: =IF(Build!$B$21="(keep equipped)",EquipBase!$Z$9,IF(OR(Build!$B$21="(none)",Build!$B$21=""),0,IFERROR(INDEX(GearDB_WSACC,$B$9),0)))+IF(Build!$B$21="(keep equipped)",0,IF($C$9>0,Build!$D$21*INDEX(AugDB_WSACC,$C$9),0)+IF(Build!$E$21="WSACC",Build!$F$21,0)+IF(Build!$G$21="WSACC",Build!$H$21,0)) | AC9: =IF(Build!$B$21="(keep equipped)",EquipBase!$AA$9,IF(OR(Build!$B$21="(none)",Build!$B$21=""),0,IFERROR(INDEX(GearDB_WSDMG_225,$B$9),0)))+IF(Build!$B$21="(keep equipped)",0,IF($C$9>0,Build!$D$21*INDEX(AugDB_WSDMG_225,$C$9),0)+IF(Build!$E$21="WSDMG_225",Build!$F$21,0)+IF(Build!$G$21="WSDMG_225",Build!$H$21,0))
A10: waist | B10: =IFERROR(MATCH(Build!$B$22,GearDB_names,0),0) | C10: =IFERROR(MATCH(Build!$C$22,AugDB_labels,0),0) | D10: =IF(Build!$B$22="(keep equipped)",EquipBase!$B$10,IF(OR(Build!$B$22="(none)",Build!$B$22=""),0,IFERROR(INDEX(GearDB_STR,$B$10),0)))+IF(Build!$B$22="(keep equipped)",0,IF($C$10>0,Build!$D$22*INDEX(AugDB_STR,$C$10),0)+IF(Build!$E$22="STR",Build!$F$22,0)+IF(Build!$G$22="STR",Build!$H$22,0)) | E10: =IF(Build!$B$22="(keep equipped)",EquipBase!$C$10,IF(OR(Build!$B$22="(none)",Build!$B$22=""),0,IFERROR(INDEX(GearDB_DEX,$B$10),0)))+IF(Build!$B$22="(keep equipped)",0,IF($C$10>0,Build!$D$22*INDEX(AugDB_DEX,$C$10),0)+IF(Build!$E$22="DEX",Build!$F$22,0)+IF(Build!$G$22="DEX",Build!$H$22,0)) | F10: =IF(Build!$B$22="(keep equipped)",EquipBase!$D$10,IF(OR(Build!$B$22="(none)",Build!$B$22=""),0,IFERROR(INDEX(GearDB_VIT,$B$10),0)))+IF(Build!$B$22="(keep equipped)",0,IF($C$10>0,Build!$D$22*INDEX(AugDB_VIT,$C$10),0)+IF(Build!$E$22="VIT",Build!$F$22,0)+IF(Build!$G$22="VIT",Build!$H$22,0)) | G10: =IF(Build!$B$22="(keep equipped)",EquipBase!$E$10,IF(OR(Build!$B$22="(none)",Build!$B$22=""),0,IFERROR(INDEX(GearDB_AGI,$B$10),0)))+IF(Build!$B$22="(keep equipped)",0,IF($C$10>0,Build!$D$22*INDEX(AugDB_AGI,$C$10),0)+IF(Build!$E$22="AGI",Build!$F$22,0)+IF(Build!$G$22="AGI",Build!$H$22,0)) | H10: =IF(Build!$B$22="(keep equipped)",EquipBase!$F$10,IF(OR(Build!$B$22="(none)",Build!$B$22=""),0,IFERROR(INDEX(GearDB_INT,$B$10),0)))+IF(Build!$B$22="(keep equipped)",0,IF($C$10>0,Build!$D$22*INDEX(AugDB_INT,$C$10),0)+IF(Build!$E$22="INT",Build!$F$22,0)+IF(Build!$G$22="INT",Build!$H$22,0)) | I10: =IF(Build!$B$22="(keep equipped)",EquipBase!$G$10,IF(OR(Build!$B$22="(none)",Build!$B$22=""),0,IFERROR(INDEX(GearDB_MND,$B$10),0)))+IF(Build!$B$22="(keep equipped)",0,IF($C$10>0,Build!$D$22*INDEX(AugDB_MND,$C$10),0)+IF(Build!$E$22="MND",Build!$F$22,0)+IF(Build!$G$22="MND",Build!$H$22,0)) | J10: =IF(Build!$B$22="(keep equipped)",EquipBase!$H$10,IF(OR(Build!$B$22="(none)",Build!$B$22=""),0,IFERROR(INDEX(GearDB_CHR,$B$10),0)))+IF(Build!$B$22="(keep equipped)",0,IF($C$10>0,Build!$D$22*INDEX(AugDB_CHR,$C$10),0)+IF(Build!$E$22="CHR",Build!$F$22,0)+IF(Build!$G$22="CHR",Build!$H$22,0)) | K10: =IF(Build!$B$22="(keep equipped)",EquipBase!$I$10,IF(OR(Build!$B$22="(none)",Build!$B$22=""),0,IFERROR(INDEX(GearDB_ATT,$B$10),0)))+IF(Build!$B$22="(keep equipped)",0,IF($C$10>0,Build!$D$22*INDEX(AugDB_ATT,$C$10),0)+IF(Build!$E$22="ATT",Build!$F$22,0)+IF(Build!$G$22="ATT",Build!$H$22,0)) | L10: =IF(Build!$B$22="(keep equipped)",EquipBase!$J$10,IF(OR(Build!$B$22="(none)",Build!$B$22=""),0,IFERROR(INDEX(GearDB_ATTP,$B$10),0)))+IF(Build!$B$22="(keep equipped)",0,IF($C$10>0,Build!$D$22*INDEX(AugDB_ATTP,$C$10),0)+IF(Build!$E$22="ATTP",Build!$F$22,0)+IF(Build!$G$22="ATTP",Build!$H$22,0)) | M10: =IF(Build!$B$22="(keep equipped)",EquipBase!$K$10,IF(OR(Build!$B$22="(none)",Build!$B$22=""),0,IFERROR(INDEX(GearDB_ACC,$B$10),0)))+IF(Build!$B$22="(keep equipped)",0,IF($C$10>0,Build!$D$22*INDEX(AugDB_ACC,$C$10),0)+IF(Build!$E$22="ACC",Build!$F$22,0)+IF(Build!$G$22="ACC",Build!$H$22,0)) | N10: =IF(Build!$B$22="(keep equipped)",EquipBase!$L$10,IF(OR(Build!$B$22="(none)",Build!$B$22=""),0,IFERROR(INDEX(GearDB_CRITHITRATE,$B$10),0)))+IF(Build!$B$22="(keep equipped)",0,IF($C$10>0,Build!$D$22*INDEX(AugDB_CRITHITRATE,$C$10),0)+IF(Build!$E$22="CRITHITRATE",Build!$F$22,0)+IF(Build!$G$22="CRITHITRATE",Build!$H$22,0)) | O10: =IF(Build!$B$22="(keep equipped)",EquipBase!$M$10,IF(OR(Build!$B$22="(none)",Build!$B$22=""),0,IFERROR(INDEX(GearDB_CRIT_DMG_INCREASE,$B$10),0)))+IF(Build!$B$22="(keep equipped)",0,IF($C$10>0,Build!$D$22*INDEX(AugDB_CRIT_DMG_INCREASE,$C$10),0)+IF(Build!$E$22="CRIT_DMG_INCREASE",Build!$F$22,0)+IF(Build!$G$22="CRIT_DMG_INCREASE",Build!$H$22,0)) | P10: =IF(Build!$B$22="(keep equipped)",EquipBase!$N$10,IF(OR(Build!$B$22="(none)",Build!$B$22=""),0,IFERROR(INDEX(GearDB_DOUBLE_ATTACK,$B$10),0)))+IF(Build!$B$22="(keep equipped)",0,IF($C$10>0,Build!$D$22*INDEX(AugDB_DOUBLE_ATTACK,$C$10),0)+IF(Build!$E$22="DOUBLE_ATTACK",Build!$F$22,0)+IF(Build!$G$22="DOUBLE_ATTACK",Build!$H$22,0)) | Q10: =IF(Build!$B$22="(keep equipped)",EquipBase!$O$10,IF(OR(Build!$B$22="(none)",Build!$B$22=""),0,IFERROR(INDEX(GearDB_TRIPLE_ATTACK,$B$10),0)))+IF(Build!$B$22="(keep equipped)",0,IF($C$10>0,Build!$D$22*INDEX(AugDB_TRIPLE_ATTACK,$C$10),0)+IF(Build!$E$22="TRIPLE_ATTACK",Build!$F$22,0)+IF(Build!$G$22="TRIPLE_ATTACK",Build!$H$22,0)) | R10: =IF(Build!$B$22="(keep equipped)",EquipBase!$P$10,IF(OR(Build!$B$22="(none)",Build!$B$22=""),0,IFERROR(INDEX(GearDB_QUAD_ATTACK,$B$10),0)))+IF(Build!$B$22="(keep equipped)",0,IF($C$10>0,Build!$D$22*INDEX(AugDB_QUAD_ATTACK,$C$10),0)+IF(Build!$E$22="QUAD_ATTACK",Build!$F$22,0)+IF(Build!$G$22="QUAD_ATTACK",Build!$H$22,0)) | S10: =IF(Build!$B$22="(keep equipped)",EquipBase!$Q$10,IF(OR(Build!$B$22="(none)",Build!$B$22=""),0,IFERROR(INDEX(GearDB_HASTE_GEAR,$B$10),0)))+IF(Build!$B$22="(keep equipped)",0,IF($C$10>0,Build!$D$22*INDEX(AugDB_HASTE_GEAR,$C$10),0)+IF(Build!$E$22="HASTE_GEAR",Build!$F$22,0)+IF(Build!$G$22="HASTE_GEAR",Build!$H$22,0)) | T10: =IF(Build!$B$22="(keep equipped)",EquipBase!$R$10,IF(OR(Build!$B$22="(none)",Build!$B$22=""),0,IFERROR(INDEX(GearDB_HASTE_MAGIC,$B$10),0)))+IF(Build!$B$22="(keep equipped)",0,IF($C$10>0,Build!$D$22*INDEX(AugDB_HASTE_MAGIC,$C$10),0)+IF(Build!$E$22="HASTE_MAGIC",Build!$F$22,0)+IF(Build!$G$22="HASTE_MAGIC",Build!$H$22,0)) | U10: =IF(Build!$B$22="(keep equipped)",EquipBase!$S$10,IF(OR(Build!$B$22="(none)",Build!$B$22=""),0,IFERROR(INDEX(GearDB_HASTE_ABILITY,$B$10),0)))+IF(Build!$B$22="(keep equipped)",0,IF($C$10>0,Build!$D$22*INDEX(AugDB_HASTE_ABILITY,$C$10),0)+IF(Build!$E$22="HASTE_ABILITY",Build!$F$22,0)+IF(Build!$G$22="HASTE_ABILITY",Build!$H$22,0)) | V10: =IF(Build!$B$22="(keep equipped)",EquipBase!$T$10,IF(OR(Build!$B$22="(none)",Build!$B$22=""),0,IFERROR(INDEX(GearDB_DUAL_WIELD,$B$10),0)))+IF(Build!$B$22="(keep equipped)",0,IF($C$10>0,Build!$D$22*INDEX(AugDB_DUAL_WIELD,$C$10),0)+IF(Build!$E$22="DUAL_WIELD",Build!$F$22,0)+IF(Build!$G$22="DUAL_WIELD",Build!$H$22,0)) | W10: =IF(Build!$B$22="(keep equipped)",EquipBase!$U$10,IF(OR(Build!$B$22="(none)",Build!$B$22=""),0,IFERROR(INDEX(GearDB_STORETP,$B$10),0)))+IF(Build!$B$22="(keep equipped)",0,IF($C$10>0,Build!$D$22*INDEX(AugDB_STORETP,$C$10),0)+IF(Build!$E$22="STORETP",Build!$F$22,0)+IF(Build!$G$22="STORETP",Build!$H$22,0)) | X10: =IF(Build!$B$22="(keep equipped)",EquipBase!$V$10,IF(OR(Build!$B$22="(none)",Build!$B$22=""),0,IFERROR(INDEX(GearDB_TP_BONUS,$B$10),0)))+IF(Build!$B$22="(keep equipped)",0,IF($C$10>0,Build!$D$22*INDEX(AugDB_TP_BONUS,$C$10),0)+IF(Build!$E$22="TP_BONUS",Build!$F$22,0)+IF(Build!$G$22="TP_BONUS",Build!$H$22,0)) | Y10: =IF(Build!$B$22="(keep equipped)",EquipBase!$W$10,IF(OR(Build!$B$22="(none)",Build!$B$22=""),0,IFERROR(INDEX(GearDB_ALL_WSDMG_ALL_HITS,$B$10),0)))+IF(Build!$B$22="(keep equipped)",0,IF($C$10>0,Build!$D$22*INDEX(AugDB_ALL_WSDMG_ALL_HITS,$C$10),0)+IF(Build!$E$22="ALL_WSDMG_ALL_HITS",Build!$F$22,0)+IF(Build!$G$22="ALL_WSDMG_ALL_HITS",Build!$H$22,0)) | Z10: =IF(Build!$B$22="(keep equipped)",EquipBase!$X$10,IF(OR(Build!$B$22="(none)",Build!$B$22=""),0,IFERROR(INDEX(GearDB_ALL_WSDMG_FIRST_HIT,$B$10),0)))+IF(Build!$B$22="(keep equipped)",0,IF($C$10>0,Build!$D$22*INDEX(AugDB_ALL_WSDMG_FIRST_HIT,$C$10),0)+IF(Build!$E$22="ALL_WSDMG_FIRST_HIT",Build!$F$22,0)+IF(Build!$G$22="ALL_WSDMG_FIRST_HIT",Build!$H$22,0)) | AA10: =IF(Build!$B$22="(keep equipped)",EquipBase!$Y$10,IF(OR(Build!$B$22="(none)",Build!$B$22=""),0,IFERROR(INDEX(GearDB_ANY_FTP_BONUS,$B$10),0)))+IF(Build!$B$22="(keep equipped)",0,IF($C$10>0,Build!$D$22*INDEX(AugDB_ANY_FTP_BONUS,$C$10),0)+IF(Build!$E$22="ANY_FTP_BONUS",Build!$F$22,0)+IF(Build!$G$22="ANY_FTP_BONUS",Build!$H$22,0)) | AB10: =IF(Build!$B$22="(keep equipped)",EquipBase!$Z$10,IF(OR(Build!$B$22="(none)",Build!$B$22=""),0,IFERROR(INDEX(GearDB_WSACC,$B$10),0)))+IF(Build!$B$22="(keep equipped)",0,IF($C$10>0,Build!$D$22*INDEX(AugDB_WSACC,$C$10),0)+IF(Build!$E$22="WSACC",Build!$F$22,0)+IF(Build!$G$22="WSACC",Build!$H$22,0)) | AC10: =IF(Build!$B$22="(keep equipped)",EquipBase!$AA$10,IF(OR(Build!$B$22="(none)",Build!$B$22=""),0,IFERROR(INDEX(GearDB_WSDMG_225,$B$10),0)))+IF(Build!$B$22="(keep equipped)",0,IF($C$10>0,Build!$D$22*INDEX(AugDB_WSDMG_225,$C$10),0)+IF(Build!$E$22="WSDMG_225",Build!$F$22,0)+IF(Build!$G$22="WSDMG_225",Build!$H$22,0))
A11: ear1 | B11: =IFERROR(MATCH(Build!$B$23,GearDB_names,0),0) | C11: =IFERROR(MATCH(Build!$C$23,AugDB_labels,0),0) | D11: =IF(Build!$B$23="(keep equipped)",EquipBase!$B$11,IF(OR(Build!$B$23="(none)",Build!$B$23=""),0,IFERROR(INDEX(GearDB_STR,$B$11),0)))+IF(Build!$B$23="(keep equipped)",0,IF($C$11>0,Build!$D$23*INDEX(AugDB_STR,$C$11),0)+IF(Build!$E$23="STR",Build!$F$23,0)+IF(Build!$G$23="STR",Build!$H$23,0)) | E11: =IF(Build!$B$23="(keep equipped)",EquipBase!$C$11,IF(OR(Build!$B$23="(none)",Build!$B$23=""),0,IFERROR(INDEX(GearDB_DEX,$B$11),0)))+IF(Build!$B$23="(keep equipped)",0,IF($C$11>0,Build!$D$23*INDEX(AugDB_DEX,$C$11),0)+IF(Build!$E$23="DEX",Build!$F$23,0)+IF(Build!$G$23="DEX",Build!$H$23,0)) | F11: =IF(Build!$B$23="(keep equipped)",EquipBase!$D$11,IF(OR(Build!$B$23="(none)",Build!$B$23=""),0,IFERROR(INDEX(GearDB_VIT,$B$11),0)))+IF(Build!$B$23="(keep equipped)",0,IF($C$11>0,Build!$D$23*INDEX(AugDB_VIT,$C$11),0)+IF(Build!$E$23="VIT",Build!$F$23,0)+IF(Build!$G$23="VIT",Build!$H$23,0)) | G11: =IF(Build!$B$23="(keep equipped)",EquipBase!$E$11,IF(OR(Build!$B$23="(none)",Build!$B$23=""),0,IFERROR(INDEX(GearDB_AGI,$B$11),0)))+IF(Build!$B$23="(keep equipped)",0,IF($C$11>0,Build!$D$23*INDEX(AugDB_AGI,$C$11),0)+IF(Build!$E$23="AGI",Build!$F$23,0)+IF(Build!$G$23="AGI",Build!$H$23,0)) | H11: =IF(Build!$B$23="(keep equipped)",EquipBase!$F$11,IF(OR(Build!$B$23="(none)",Build!$B$23=""),0,IFERROR(INDEX(GearDB_INT,$B$11),0)))+IF(Build!$B$23="(keep equipped)",0,IF($C$11>0,Build!$D$23*INDEX(AugDB_INT,$C$11),0)+IF(Build!$E$23="INT",Build!$F$23,0)+IF(Build!$G$23="INT",Build!$H$23,0)) | I11: =IF(Build!$B$23="(keep equipped)",EquipBase!$G$11,IF(OR(Build!$B$23="(none)",Build!$B$23=""),0,IFERROR(INDEX(GearDB_MND,$B$11),0)))+IF(Build!$B$23="(keep equipped)",0,IF($C$11>0,Build!$D$23*INDEX(AugDB_MND,$C$11),0)+IF(Build!$E$23="MND",Build!$F$23,0)+IF(Build!$G$23="MND",Build!$H$23,0)) | J11: =IF(Build!$B$23="(keep equipped)",EquipBase!$H$11,IF(OR(Build!$B$23="(none)",Build!$B$23=""),0,IFERROR(INDEX(GearDB_CHR,$B$11),0)))+IF(Build!$B$23="(keep equipped)",0,IF($C$11>0,Build!$D$23*INDEX(AugDB_CHR,$C$11),0)+IF(Build!$E$23="CHR",Build!$F$23,0)+IF(Build!$G$23="CHR",Build!$H$23,0)) | K11: =IF(Build!$B$23="(keep equipped)",EquipBase!$I$11,IF(OR(Build!$B$23="(none)",Build!$B$23=""),0,IFERROR(INDEX(GearDB_ATT,$B$11),0)))+IF(Build!$B$23="(keep equipped)",0,IF($C$11>0,Build!$D$23*INDEX(AugDB_ATT,$C$11),0)+IF(Build!$E$23="ATT",Build!$F$23,0)+IF(Build!$G$23="ATT",Build!$H$23,0)) | L11: =IF(Build!$B$23="(keep equipped)",EquipBase!$J$11,IF(OR(Build!$B$23="(none)",Build!$B$23=""),0,IFERROR(INDEX(GearDB_ATTP,$B$11),0)))+IF(Build!$B$23="(keep equipped)",0,IF($C$11>0,Build!$D$23*INDEX(AugDB_ATTP,$C$11),0)+IF(Build!$E$23="ATTP",Build!$F$23,0)+IF(Build!$G$23="ATTP",Build!$H$23,0)) | M11: =IF(Build!$B$23="(keep equipped)",EquipBase!$K$11,IF(OR(Build!$B$23="(none)",Build!$B$23=""),0,IFERROR(INDEX(GearDB_ACC,$B$11),0)))+IF(Build!$B$23="(keep equipped)",0,IF($C$11>0,Build!$D$23*INDEX(AugDB_ACC,$C$11),0)+IF(Build!$E$23="ACC",Build!$F$23,0)+IF(Build!$G$23="ACC",Build!$H$23,0)) | N11: =IF(Build!$B$23="(keep equipped)",EquipBase!$L$11,IF(OR(Build!$B$23="(none)",Build!$B$23=""),0,IFERROR(INDEX(GearDB_CRITHITRATE,$B$11),0)))+IF(Build!$B$23="(keep equipped)",0,IF($C$11>0,Build!$D$23*INDEX(AugDB_CRITHITRATE,$C$11),0)+IF(Build!$E$23="CRITHITRATE",Build!$F$23,0)+IF(Build!$G$23="CRITHITRATE",Build!$H$23,0)) | O11: =IF(Build!$B$23="(keep equipped)",EquipBase!$M$11,IF(OR(Build!$B$23="(none)",Build!$B$23=""),0,IFERROR(INDEX(GearDB_CRIT_DMG_INCREASE,$B$11),0)))+IF(Build!$B$23="(keep equipped)",0,IF($C$11>0,Build!$D$23*INDEX(AugDB_CRIT_DMG_INCREASE,$C$11),0)+IF(Build!$E$23="CRIT_DMG_INCREASE",Build!$F$23,0)+IF(Build!$G$23="CRIT_DMG_INCREASE",Build!$H$23,0)) | P11: =IF(Build!$B$23="(keep equipped)",EquipBase!$N$11,IF(OR(Build!$B$23="(none)",Build!$B$23=""),0,IFERROR(INDEX(GearDB_DOUBLE_ATTACK,$B$11),0)))+IF(Build!$B$23="(keep equipped)",0,IF($C$11>0,Build!$D$23*INDEX(AugDB_DOUBLE_ATTACK,$C$11),0)+IF(Build!$E$23="DOUBLE_ATTACK",Build!$F$23,0)+IF(Build!$G$23="DOUBLE_ATTACK",Build!$H$23,0)) | Q11: =IF(Build!$B$23="(keep equipped)",EquipBase!$O$11,IF(OR(Build!$B$23="(none)",Build!$B$23=""),0,IFERROR(INDEX(GearDB_TRIPLE_ATTACK,$B$11),0)))+IF(Build!$B$23="(keep equipped)",0,IF($C$11>0,Build!$D$23*INDEX(AugDB_TRIPLE_ATTACK,$C$11),0)+IF(Build!$E$23="TRIPLE_ATTACK",Build!$F$23,0)+IF(Build!$G$23="TRIPLE_ATTACK",Build!$H$23,0)) | R11: =IF(Build!$B$23="(keep equipped)",EquipBase!$P$11,IF(OR(Build!$B$23="(none)",Build!$B$23=""),0,IFERROR(INDEX(GearDB_QUAD_ATTACK,$B$11),0)))+IF(Build!$B$23="(keep equipped)",0,IF($C$11>0,Build!$D$23*INDEX(AugDB_QUAD_ATTACK,$C$11),0)+IF(Build!$E$23="QUAD_ATTACK",Build!$F$23,0)+IF(Build!$G$23="QUAD_ATTACK",Build!$H$23,0)) | S11: =IF(Build!$B$23="(keep equipped)",EquipBase!$Q$11,IF(OR(Build!$B$23="(none)",Build!$B$23=""),0,IFERROR(INDEX(GearDB_HASTE_GEAR,$B$11),0)))+IF(Build!$B$23="(keep equipped)",0,IF($C$11>0,Build!$D$23*INDEX(AugDB_HASTE_GEAR,$C$11),0)+IF(Build!$E$23="HASTE_GEAR",Build!$F$23,0)+IF(Build!$G$23="HASTE_GEAR",Build!$H$23,0)) | T11: =IF(Build!$B$23="(keep equipped)",EquipBase!$R$11,IF(OR(Build!$B$23="(none)",Build!$B$23=""),0,IFERROR(INDEX(GearDB_HASTE_MAGIC,$B$11),0)))+IF(Build!$B$23="(keep equipped)",0,IF($C$11>0,Build!$D$23*INDEX(AugDB_HASTE_MAGIC,$C$11),0)+IF(Build!$E$23="HASTE_MAGIC",Build!$F$23,0)+IF(Build!$G$23="HASTE_MAGIC",Build!$H$23,0)) | U11: =IF(Build!$B$23="(keep equipped)",EquipBase!$S$11,IF(OR(Build!$B$23="(none)",Build!$B$23=""),0,IFERROR(INDEX(GearDB_HASTE_ABILITY,$B$11),0)))+IF(Build!$B$23="(keep equipped)",0,IF($C$11>0,Build!$D$23*INDEX(AugDB_HASTE_ABILITY,$C$11),0)+IF(Build!$E$23="HASTE_ABILITY",Build!$F$23,0)+IF(Build!$G$23="HASTE_ABILITY",Build!$H$23,0)) | V11: =IF(Build!$B$23="(keep equipped)",EquipBase!$T$11,IF(OR(Build!$B$23="(none)",Build!$B$23=""),0,IFERROR(INDEX(GearDB_DUAL_WIELD,$B$11),0)))+IF(Build!$B$23="(keep equipped)",0,IF($C$11>0,Build!$D$23*INDEX(AugDB_DUAL_WIELD,$C$11),0)+IF(Build!$E$23="DUAL_WIELD",Build!$F$23,0)+IF(Build!$G$23="DUAL_WIELD",Build!$H$23,0)) | W11: =IF(Build!$B$23="(keep equipped)",EquipBase!$U$11,IF(OR(Build!$B$23="(none)",Build!$B$23=""),0,IFERROR(INDEX(GearDB_STORETP,$B$11),0)))+IF(Build!$B$23="(keep equipped)",0,IF($C$11>0,Build!$D$23*INDEX(AugDB_STORETP,$C$11),0)+IF(Build!$E$23="STORETP",Build!$F$23,0)+IF(Build!$G$23="STORETP",Build!$H$23,0)) | X11: =IF(Build!$B$23="(keep equipped)",EquipBase!$V$11,IF(OR(Build!$B$23="(none)",Build!$B$23=""),0,IFERROR(INDEX(GearDB_TP_BONUS,$B$11),0)))+IF(Build!$B$23="(keep equipped)",0,IF($C$11>0,Build!$D$23*INDEX(AugDB_TP_BONUS,$C$11),0)+IF(Build!$E$23="TP_BONUS",Build!$F$23,0)+IF(Build!$G$23="TP_BONUS",Build!$H$23,0)) | Y11: =IF(Build!$B$23="(keep equipped)",EquipBase!$W$11,IF(OR(Build!$B$23="(none)",Build!$B$23=""),0,IFERROR(INDEX(GearDB_ALL_WSDMG_ALL_HITS,$B$11),0)))+IF(Build!$B$23="(keep equipped)",0,IF($C$11>0,Build!$D$23*INDEX(AugDB_ALL_WSDMG_ALL_HITS,$C$11),0)+IF(Build!$E$23="ALL_WSDMG_ALL_HITS",Build!$F$23,0)+IF(Build!$G$23="ALL_WSDMG_ALL_HITS",Build!$H$23,0)) | Z11: =IF(Build!$B$23="(keep equipped)",EquipBase!$X$11,IF(OR(Build!$B$23="(none)",Build!$B$23=""),0,IFERROR(INDEX(GearDB_ALL_WSDMG_FIRST_HIT,$B$11),0)))+IF(Build!$B$23="(keep equipped)",0,IF($C$11>0,Build!$D$23*INDEX(AugDB_ALL_WSDMG_FIRST_HIT,$C$11),0)+IF(Build!$E$23="ALL_WSDMG_FIRST_HIT",Build!$F$23,0)+IF(Build!$G$23="ALL_WSDMG_FIRST_HIT",Build!$H$23,0)) | AA11: =IF(Build!$B$23="(keep equipped)",EquipBase!$Y$11,IF(OR(Build!$B$23="(none)",Build!$B$23=""),0,IFERROR(INDEX(GearDB_ANY_FTP_BONUS,$B$11),0)))+IF(Build!$B$23="(keep equipped)",0,IF($C$11>0,Build!$D$23*INDEX(AugDB_ANY_FTP_BONUS,$C$11),0)+IF(Build!$E$23="ANY_FTP_BONUS",Build!$F$23,0)+IF(Build!$G$23="ANY_FTP_BONUS",Build!$H$23,0)) | AB11: =IF(Build!$B$23="(keep equipped)",EquipBase!$Z$11,IF(OR(Build!$B$23="(none)",Build!$B$23=""),0,IFERROR(INDEX(GearDB_WSACC,$B$11),0)))+IF(Build!$B$23="(keep equipped)",0,IF($C$11>0,Build!$D$23*INDEX(AugDB_WSACC,$C$11),0)+IF(Build!$E$23="WSACC",Build!$F$23,0)+IF(Build!$G$23="WSACC",Build!$H$23,0)) | AC11: =IF(Build!$B$23="(keep equipped)",EquipBase!$AA$11,IF(OR(Build!$B$23="(none)",Build!$B$23=""),0,IFERROR(INDEX(GearDB_WSDMG_225,$B$11),0)))+IF(Build!$B$23="(keep equipped)",0,IF($C$11>0,Build!$D$23*INDEX(AugDB_WSDMG_225,$C$11),0)+IF(Build!$E$23="WSDMG_225",Build!$F$23,0)+IF(Build!$G$23="WSDMG_225",Build!$H$23,0))
A12: ear2 | B12: =IFERROR(MATCH(Build!$B$24,GearDB_names,0),0) | C12: =IFERROR(MATCH(Build!$C$24,AugDB_labels,0),0) | D12: =IF(Build!$B$24="(keep equipped)",EquipBase!$B$12,IF(OR(Build!$B$24="(none)",Build!$B$24=""),0,IFERROR(INDEX(GearDB_STR,$B$12),0)))+IF(Build!$B$24="(keep equipped)",0,IF($C$12>0,Build!$D$24*INDEX(AugDB_STR,$C$12),0)+IF(Build!$E$24="STR",Build!$F$24,0)+IF(Build!$G$24="STR",Build!$H$24,0)) | E12: =IF(Build!$B$24="(keep equipped)",EquipBase!$C$12,IF(OR(Build!$B$24="(none)",Build!$B$24=""),0,IFERROR(INDEX(GearDB_DEX,$B$12),0)))+IF(Build!$B$24="(keep equipped)",0,IF($C$12>0,Build!$D$24*INDEX(AugDB_DEX,$C$12),0)+IF(Build!$E$24="DEX",Build!$F$24,0)+IF(Build!$G$24="DEX",Build!$H$24,0)) | F12: =IF(Build!$B$24="(keep equipped)",EquipBase!$D$12,IF(OR(Build!$B$24="(none)",Build!$B$24=""),0,IFERROR(INDEX(GearDB_VIT,$B$12),0)))+IF(Build!$B$24="(keep equipped)",0,IF($C$12>0,Build!$D$24*INDEX(AugDB_VIT,$C$12),0)+IF(Build!$E$24="VIT",Build!$F$24,0)+IF(Build!$G$24="VIT",Build!$H$24,0)) | G12: =IF(Build!$B$24="(keep equipped)",EquipBase!$E$12,IF(OR(Build!$B$24="(none)",Build!$B$24=""),0,IFERROR(INDEX(GearDB_AGI,$B$12),0)))+IF(Build!$B$24="(keep equipped)",0,IF($C$12>0,Build!$D$24*INDEX(AugDB_AGI,$C$12),0)+IF(Build!$E$24="AGI",Build!$F$24,0)+IF(Build!$G$24="AGI",Build!$H$24,0)) | H12: =IF(Build!$B$24="(keep equipped)",EquipBase!$F$12,IF(OR(Build!$B$24="(none)",Build!$B$24=""),0,IFERROR(INDEX(GearDB_INT,$B$12),0)))+IF(Build!$B$24="(keep equipped)",0,IF($C$12>0,Build!$D$24*INDEX(AugDB_INT,$C$12),0)+IF(Build!$E$24="INT",Build!$F$24,0)+IF(Build!$G$24="INT",Build!$H$24,0)) | I12: =IF(Build!$B$24="(keep equipped)",EquipBase!$G$12,IF(OR(Build!$B$24="(none)",Build!$B$24=""),0,IFERROR(INDEX(GearDB_MND,$B$12),0)))+IF(Build!$B$24="(keep equipped)",0,IF($C$12>0,Build!$D$24*INDEX(AugDB_MND,$C$12),0)+IF(Build!$E$24="MND",Build!$F$24,0)+IF(Build!$G$24="MND",Build!$H$24,0)) | J12: =IF(Build!$B$24="(keep equipped)",EquipBase!$H$12,IF(OR(Build!$B$24="(none)",Build!$B$24=""),0,IFERROR(INDEX(GearDB_CHR,$B$12),0)))+IF(Build!$B$24="(keep equipped)",0,IF($C$12>0,Build!$D$24*INDEX(AugDB_CHR,$C$12),0)+IF(Build!$E$24="CHR",Build!$F$24,0)+IF(Build!$G$24="CHR",Build!$H$24,0)) | K12: =IF(Build!$B$24="(keep equipped)",EquipBase!$I$12,IF(OR(Build!$B$24="(none)",Build!$B$24=""),0,IFERROR(INDEX(GearDB_ATT,$B$12),0)))+IF(Build!$B$24="(keep equipped)",0,IF($C$12>0,Build!$D$24*INDEX(AugDB_ATT,$C$12),0)+IF(Build!$E$24="ATT",Build!$F$24,0)+IF(Build!$G$24="ATT",Build!$H$24,0)) | L12: =IF(Build!$B$24="(keep equipped)",EquipBase!$J$12,IF(OR(Build!$B$24="(none)",Build!$B$24=""),0,IFERROR(INDEX(GearDB_ATTP,$B$12),0)))+IF(Build!$B$24="(keep equipped)",0,IF($C$12>0,Build!$D$24*INDEX(AugDB_ATTP,$C$12),0)+IF(Build!$E$24="ATTP",Build!$F$24,0)+IF(Build!$G$24="ATTP",Build!$H$24,0)) | M12: =IF(Build!$B$24="(keep equipped)",EquipBase!$K$12,IF(OR(Build!$B$24="(none)",Build!$B$24=""),0,IFERROR(INDEX(GearDB_ACC,$B$12),0)))+IF(Build!$B$24="(keep equipped)",0,IF($C$12>0,Build!$D$24*INDEX(AugDB_ACC,$C$12),0)+IF(Build!$E$24="ACC",Build!$F$24,0)+IF(Build!$G$24="ACC",Build!$H$24,0)) | N12: =IF(Build!$B$24="(keep equipped)",EquipBase!$L$12,IF(OR(Build!$B$24="(none)",Build!$B$24=""),0,IFERROR(INDEX(GearDB_CRITHITRATE,$B$12),0)))+IF(Build!$B$24="(keep equipped)",0,IF($C$12>0,Build!$D$24*INDEX(AugDB_CRITHITRATE,$C$12),0)+IF(Build!$E$24="CRITHITRATE",Build!$F$24,0)+IF(Build!$G$24="CRITHITRATE",Build!$H$24,0)) | O12: =IF(Build!$B$24="(keep equipped)",EquipBase!$M$12,IF(OR(Build!$B$24="(none)",Build!$B$24=""),0,IFERROR(INDEX(GearDB_CRIT_DMG_INCREASE,$B$12),0)))+IF(Build!$B$24="(keep equipped)",0,IF($C$12>0,Build!$D$24*INDEX(AugDB_CRIT_DMG_INCREASE,$C$12),0)+IF(Build!$E$24="CRIT_DMG_INCREASE",Build!$F$24,0)+IF(Build!$G$24="CRIT_DMG_INCREASE",Build!$H$24,0)) | P12: =IF(Build!$B$24="(keep equipped)",EquipBase!$N$12,IF(OR(Build!$B$24="(none)",Build!$B$24=""),0,IFERROR(INDEX(GearDB_DOUBLE_ATTACK,$B$12),0)))+IF(Build!$B$24="(keep equipped)",0,IF($C$12>0,Build!$D$24*INDEX(AugDB_DOUBLE_ATTACK,$C$12),0)+IF(Build!$E$24="DOUBLE_ATTACK",Build!$F$24,0)+IF(Build!$G$24="DOUBLE_ATTACK",Build!$H$24,0)) | Q12: =IF(Build!$B$24="(keep equipped)",EquipBase!$O$12,IF(OR(Build!$B$24="(none)",Build!$B$24=""),0,IFERROR(INDEX(GearDB_TRIPLE_ATTACK,$B$12),0)))+IF(Build!$B$24="(keep equipped)",0,IF($C$12>0,Build!$D$24*INDEX(AugDB_TRIPLE_ATTACK,$C$12),0)+IF(Build!$E$24="TRIPLE_ATTACK",Build!$F$24,0)+IF(Build!$G$24="TRIPLE_ATTACK",Build!$H$24,0)) | R12: =IF(Build!$B$24="(keep equipped)",EquipBase!$P$12,IF(OR(Build!$B$24="(none)",Build!$B$24=""),0,IFERROR(INDEX(GearDB_QUAD_ATTACK,$B$12),0)))+IF(Build!$B$24="(keep equipped)",0,IF($C$12>0,Build!$D$24*INDEX(AugDB_QUAD_ATTACK,$C$12),0)+IF(Build!$E$24="QUAD_ATTACK",Build!$F$24,0)+IF(Build!$G$24="QUAD_ATTACK",Build!$H$24,0)) | S12: =IF(Build!$B$24="(keep equipped)",EquipBase!$Q$12,IF(OR(Build!$B$24="(none)",Build!$B$24=""),0,IFERROR(INDEX(GearDB_HASTE_GEAR,$B$12),0)))+IF(Build!$B$24="(keep equipped)",0,IF($C$12>0,Build!$D$24*INDEX(AugDB_HASTE_GEAR,$C$12),0)+IF(Build!$E$24="HASTE_GEAR",Build!$F$24,0)+IF(Build!$G$24="HASTE_GEAR",Build!$H$24,0)) | T12: =IF(Build!$B$24="(keep equipped)",EquipBase!$R$12,IF(OR(Build!$B$24="(none)",Build!$B$24=""),0,IFERROR(INDEX(GearDB_HASTE_MAGIC,$B$12),0)))+IF(Build!$B$24="(keep equipped)",0,IF($C$12>0,Build!$D$24*INDEX(AugDB_HASTE_MAGIC,$C$12),0)+IF(Build!$E$24="HASTE_MAGIC",Build!$F$24,0)+IF(Build!$G$24="HASTE_MAGIC",Build!$H$24,0)) | U12: =IF(Build!$B$24="(keep equipped)",EquipBase!$S$12,IF(OR(Build!$B$24="(none)",Build!$B$24=""),0,IFERROR(INDEX(GearDB_HASTE_ABILITY,$B$12),0)))+IF(Build!$B$24="(keep equipped)",0,IF($C$12>0,Build!$D$24*INDEX(AugDB_HASTE_ABILITY,$C$12),0)+IF(Build!$E$24="HASTE_ABILITY",Build!$F$24,0)+IF(Build!$G$24="HASTE_ABILITY",Build!$H$24,0)) | V12: =IF(Build!$B$24="(keep equipped)",EquipBase!$T$12,IF(OR(Build!$B$24="(none)",Build!$B$24=""),0,IFERROR(INDEX(GearDB_DUAL_WIELD,$B$12),0)))+IF(Build!$B$24="(keep equipped)",0,IF($C$12>0,Build!$D$24*INDEX(AugDB_DUAL_WIELD,$C$12),0)+IF(Build!$E$24="DUAL_WIELD",Build!$F$24,0)+IF(Build!$G$24="DUAL_WIELD",Build!$H$24,0)) | W12: =IF(Build!$B$24="(keep equipped)",EquipBase!$U$12,IF(OR(Build!$B$24="(none)",Build!$B$24=""),0,IFERROR(INDEX(GearDB_STORETP,$B$12),0)))+IF(Build!$B$24="(keep equipped)",0,IF($C$12>0,Build!$D$24*INDEX(AugDB_STORETP,$C$12),0)+IF(Build!$E$24="STORETP",Build!$F$24,0)+IF(Build!$G$24="STORETP",Build!$H$24,0)) | X12: =IF(Build!$B$24="(keep equipped)",EquipBase!$V$12,IF(OR(Build!$B$24="(none)",Build!$B$24=""),0,IFERROR(INDEX(GearDB_TP_BONUS,$B$12),0)))+IF(Build!$B$24="(keep equipped)",0,IF($C$12>0,Build!$D$24*INDEX(AugDB_TP_BONUS,$C$12),0)+IF(Build!$E$24="TP_BONUS",Build!$F$24,0)+IF(Build!$G$24="TP_BONUS",Build!$H$24,0)) | Y12: =IF(Build!$B$24="(keep equipped)",EquipBase!$W$12,IF(OR(Build!$B$24="(none)",Build!$B$24=""),0,IFERROR(INDEX(GearDB_ALL_WSDMG_ALL_HITS,$B$12),0)))+IF(Build!$B$24="(keep equipped)",0,IF($C$12>0,Build!$D$24*INDEX(AugDB_ALL_WSDMG_ALL_HITS,$C$12),0)+IF(Build!$E$24="ALL_WSDMG_ALL_HITS",Build!$F$24,0)+IF(Build!$G$24="ALL_WSDMG_ALL_HITS",Build!$H$24,0)) | Z12: =IF(Build!$B$24="(keep equipped)",EquipBase!$X$12,IF(OR(Build!$B$24="(none)",Build!$B$24=""),0,IFERROR(INDEX(GearDB_ALL_WSDMG_FIRST_HIT,$B$12),0)))+IF(Build!$B$24="(keep equipped)",0,IF($C$12>0,Build!$D$24*INDEX(AugDB_ALL_WSDMG_FIRST_HIT,$C$12),0)+IF(Build!$E$24="ALL_WSDMG_FIRST_HIT",Build!$F$24,0)+IF(Build!$G$24="ALL_WSDMG_FIRST_HIT",Build!$H$24,0)) | AA12: =IF(Build!$B$24="(keep equipped)",EquipBase!$Y$12,IF(OR(Build!$B$24="(none)",Build!$B$24=""),0,IFERROR(INDEX(GearDB_ANY_FTP_BONUS,$B$12),0)))+IF(Build!$B$24="(keep equipped)",0,IF($C$12>0,Build!$D$24*INDEX(AugDB_ANY_FTP_BONUS,$C$12),0)+IF(Build!$E$24="ANY_FTP_BONUS",Build!$F$24,0)+IF(Build!$G$24="ANY_FTP_BONUS",Build!$H$24,0)) | AB12: =IF(Build!$B$24="(keep equipped)",EquipBase!$Z$12,IF(OR(Build!$B$24="(none)",Build!$B$24=""),0,IFERROR(INDEX(GearDB_WSACC,$B$12),0)))+IF(Build!$B$24="(keep equipped)",0,IF($C$12>0,Build!$D$24*INDEX(AugDB_WSACC,$C$12),0)+IF(Build!$E$24="WSACC",Build!$F$24,0)+IF(Build!$G$24="WSACC",Build!$H$24,0)) | AC12: =IF(Build!$B$24="(keep equipped)",EquipBase!$AA$12,IF(OR(Build!$B$24="(none)",Build!$B$24=""),0,IFERROR(INDEX(GearDB_WSDMG_225,$B$12),0)))+IF(Build!$B$24="(keep equipped)",0,IF($C$12>0,Build!$D$24*INDEX(AugDB_WSDMG_225,$C$12),0)+IF(Build!$E$24="WSDMG_225",Build!$F$24,0)+IF(Build!$G$24="WSDMG_225",Build!$H$24,0))
A13: ring1 | B13: =IFERROR(MATCH(Build!$B$25,GearDB_names,0),0) | C13: =IFERROR(MATCH(Build!$C$25,AugDB_labels,0),0) | D13: =IF(Build!$B$25="(keep equipped)",EquipBase!$B$13,IF(OR(Build!$B$25="(none)",Build!$B$25=""),0,IFERROR(INDEX(GearDB_STR,$B$13),0)))+IF(Build!$B$25="(keep equipped)",0,IF($C$13>0,Build!$D$25*INDEX(AugDB_STR,$C$13),0)+IF(Build!$E$25="STR",Build!$F$25,0)+IF(Build!$G$25="STR",Build!$H$25,0)) | E13: =IF(Build!$B$25="(keep equipped)",EquipBase!$C$13,IF(OR(Build!$B$25="(none)",Build!$B$25=""),0,IFERROR(INDEX(GearDB_DEX,$B$13),0)))+IF(Build!$B$25="(keep equipped)",0,IF($C$13>0,Build!$D$25*INDEX(AugDB_DEX,$C$13),0)+IF(Build!$E$25="DEX",Build!$F$25,0)+IF(Build!$G$25="DEX",Build!$H$25,0)) | F13: =IF(Build!$B$25="(keep equipped)",EquipBase!$D$13,IF(OR(Build!$B$25="(none)",Build!$B$25=""),0,IFERROR(INDEX(GearDB_VIT,$B$13),0)))+IF(Build!$B$25="(keep equipped)",0,IF($C$13>0,Build!$D$25*INDEX(AugDB_VIT,$C$13),0)+IF(Build!$E$25="VIT",Build!$F$25,0)+IF(Build!$G$25="VIT",Build!$H$25,0)) | G13: =IF(Build!$B$25="(keep equipped)",EquipBase!$E$13,IF(OR(Build!$B$25="(none)",Build!$B$25=""),0,IFERROR(INDEX(GearDB_AGI,$B$13),0)))+IF(Build!$B$25="(keep equipped)",0,IF($C$13>0,Build!$D$25*INDEX(AugDB_AGI,$C$13),0)+IF(Build!$E$25="AGI",Build!$F$25,0)+IF(Build!$G$25="AGI",Build!$H$25,0)) | H13: =IF(Build!$B$25="(keep equipped)",EquipBase!$F$13,IF(OR(Build!$B$25="(none)",Build!$B$25=""),0,IFERROR(INDEX(GearDB_INT,$B$13),0)))+IF(Build!$B$25="(keep equipped)",0,IF($C$13>0,Build!$D$25*INDEX(AugDB_INT,$C$13),0)+IF(Build!$E$25="INT",Build!$F$25,0)+IF(Build!$G$25="INT",Build!$H$25,0)) | I13: =IF(Build!$B$25="(keep equipped)",EquipBase!$G$13,IF(OR(Build!$B$25="(none)",Build!$B$25=""),0,IFERROR(INDEX(GearDB_MND,$B$13),0)))+IF(Build!$B$25="(keep equipped)",0,IF($C$13>0,Build!$D$25*INDEX(AugDB_MND,$C$13),0)+IF(Build!$E$25="MND",Build!$F$25,0)+IF(Build!$G$25="MND",Build!$H$25,0)) | J13: =IF(Build!$B$25="(keep equipped)",EquipBase!$H$13,IF(OR(Build!$B$25="(none)",Build!$B$25=""),0,IFERROR(INDEX(GearDB_CHR,$B$13),0)))+IF(Build!$B$25="(keep equipped)",0,IF($C$13>0,Build!$D$25*INDEX(AugDB_CHR,$C$13),0)+IF(Build!$E$25="CHR",Build!$F$25,0)+IF(Build!$G$25="CHR",Build!$H$25,0)) | K13: =IF(Build!$B$25="(keep equipped)",EquipBase!$I$13,IF(OR(Build!$B$25="(none)",Build!$B$25=""),0,IFERROR(INDEX(GearDB_ATT,$B$13),0)))+IF(Build!$B$25="(keep equipped)",0,IF($C$13>0,Build!$D$25*INDEX(AugDB_ATT,$C$13),0)+IF(Build!$E$25="ATT",Build!$F$25,0)+IF(Build!$G$25="ATT",Build!$H$25,0)) | L13: =IF(Build!$B$25="(keep equipped)",EquipBase!$J$13,IF(OR(Build!$B$25="(none)",Build!$B$25=""),0,IFERROR(INDEX(GearDB_ATTP,$B$13),0)))+IF(Build!$B$25="(keep equipped)",0,IF($C$13>0,Build!$D$25*INDEX(AugDB_ATTP,$C$13),0)+IF(Build!$E$25="ATTP",Build!$F$25,0)+IF(Build!$G$25="ATTP",Build!$H$25,0)) | M13: =IF(Build!$B$25="(keep equipped)",EquipBase!$K$13,IF(OR(Build!$B$25="(none)",Build!$B$25=""),0,IFERROR(INDEX(GearDB_ACC,$B$13),0)))+IF(Build!$B$25="(keep equipped)",0,IF($C$13>0,Build!$D$25*INDEX(AugDB_ACC,$C$13),0)+IF(Build!$E$25="ACC",Build!$F$25,0)+IF(Build!$G$25="ACC",Build!$H$25,0)) | N13: =IF(Build!$B$25="(keep equipped)",EquipBase!$L$13,IF(OR(Build!$B$25="(none)",Build!$B$25=""),0,IFERROR(INDEX(GearDB_CRITHITRATE,$B$13),0)))+IF(Build!$B$25="(keep equipped)",0,IF($C$13>0,Build!$D$25*INDEX(AugDB_CRITHITRATE,$C$13),0)+IF(Build!$E$25="CRITHITRATE",Build!$F$25,0)+IF(Build!$G$25="CRITHITRATE",Build!$H$25,0)) | O13: =IF(Build!$B$25="(keep equipped)",EquipBase!$M$13,IF(OR(Build!$B$25="(none)",Build!$B$25=""),0,IFERROR(INDEX(GearDB_CRIT_DMG_INCREASE,$B$13),0)))+IF(Build!$B$25="(keep equipped)",0,IF($C$13>0,Build!$D$25*INDEX(AugDB_CRIT_DMG_INCREASE,$C$13),0)+IF(Build!$E$25="CRIT_DMG_INCREASE",Build!$F$25,0)+IF(Build!$G$25="CRIT_DMG_INCREASE",Build!$H$25,0)) | P13: =IF(Build!$B$25="(keep equipped)",EquipBase!$N$13,IF(OR(Build!$B$25="(none)",Build!$B$25=""),0,IFERROR(INDEX(GearDB_DOUBLE_ATTACK,$B$13),0)))+IF(Build!$B$25="(keep equipped)",0,IF($C$13>0,Build!$D$25*INDEX(AugDB_DOUBLE_ATTACK,$C$13),0)+IF(Build!$E$25="DOUBLE_ATTACK",Build!$F$25,0)+IF(Build!$G$25="DOUBLE_ATTACK",Build!$H$25,0)) | Q13: =IF(Build!$B$25="(keep equipped)",EquipBase!$O$13,IF(OR(Build!$B$25="(none)",Build!$B$25=""),0,IFERROR(INDEX(GearDB_TRIPLE_ATTACK,$B$13),0)))+IF(Build!$B$25="(keep equipped)",0,IF($C$13>0,Build!$D$25*INDEX(AugDB_TRIPLE_ATTACK,$C$13),0)+IF(Build!$E$25="TRIPLE_ATTACK",Build!$F$25,0)+IF(Build!$G$25="TRIPLE_ATTACK",Build!$H$25,0)) | R13: =IF(Build!$B$25="(keep equipped)",EquipBase!$P$13,IF(OR(Build!$B$25="(none)",Build!$B$25=""),0,IFERROR(INDEX(GearDB_QUAD_ATTACK,$B$13),0)))+IF(Build!$B$25="(keep equipped)",0,IF($C$13>0,Build!$D$25*INDEX(AugDB_QUAD_ATTACK,$C$13),0)+IF(Build!$E$25="QUAD_ATTACK",Build!$F$25,0)+IF(Build!$G$25="QUAD_ATTACK",Build!$H$25,0)) | S13: =IF(Build!$B$25="(keep equipped)",EquipBase!$Q$13,IF(OR(Build!$B$25="(none)",Build!$B$25=""),0,IFERROR(INDEX(GearDB_HASTE_GEAR,$B$13),0)))+IF(Build!$B$25="(keep equipped)",0,IF($C$13>0,Build!$D$25*INDEX(AugDB_HASTE_GEAR,$C$13),0)+IF(Build!$E$25="HASTE_GEAR",Build!$F$25,0)+IF(Build!$G$25="HASTE_GEAR",Build!$H$25,0)) | T13: =IF(Build!$B$25="(keep equipped)",EquipBase!$R$13,IF(OR(Build!$B$25="(none)",Build!$B$25=""),0,IFERROR(INDEX(GearDB_HASTE_MAGIC,$B$13),0)))+IF(Build!$B$25="(keep equipped)",0,IF($C$13>0,Build!$D$25*INDEX(AugDB_HASTE_MAGIC,$C$13),0)+IF(Build!$E$25="HASTE_MAGIC",Build!$F$25,0)+IF(Build!$G$25="HASTE_MAGIC",Build!$H$25,0)) | U13: =IF(Build!$B$25="(keep equipped)",EquipBase!$S$13,IF(OR(Build!$B$25="(none)",Build!$B$25=""),0,IFERROR(INDEX(GearDB_HASTE_ABILITY,$B$13),0)))+IF(Build!$B$25="(keep equipped)",0,IF($C$13>0,Build!$D$25*INDEX(AugDB_HASTE_ABILITY,$C$13),0)+IF(Build!$E$25="HASTE_ABILITY",Build!$F$25,0)+IF(Build!$G$25="HASTE_ABILITY",Build!$H$25,0)) | V13: =IF(Build!$B$25="(keep equipped)",EquipBase!$T$13,IF(OR(Build!$B$25="(none)",Build!$B$25=""),0,IFERROR(INDEX(GearDB_DUAL_WIELD,$B$13),0)))+IF(Build!$B$25="(keep equipped)",0,IF($C$13>0,Build!$D$25*INDEX(AugDB_DUAL_WIELD,$C$13),0)+IF(Build!$E$25="DUAL_WIELD",Build!$F$25,0)+IF(Build!$G$25="DUAL_WIELD",Build!$H$25,0)) | W13: =IF(Build!$B$25="(keep equipped)",EquipBase!$U$13,IF(OR(Build!$B$25="(none)",Build!$B$25=""),0,IFERROR(INDEX(GearDB_STORETP,$B$13),0)))+IF(Build!$B$25="(keep equipped)",0,IF($C$13>0,Build!$D$25*INDEX(AugDB_STORETP,$C$13),0)+IF(Build!$E$25="STORETP",Build!$F$25,0)+IF(Build!$G$25="STORETP",Build!$H$25,0)) | X13: =IF(Build!$B$25="(keep equipped)",EquipBase!$V$13,IF(OR(Build!$B$25="(none)",Build!$B$25=""),0,IFERROR(INDEX(GearDB_TP_BONUS,$B$13),0)))+IF(Build!$B$25="(keep equipped)",0,IF($C$13>0,Build!$D$25*INDEX(AugDB_TP_BONUS,$C$13),0)+IF(Build!$E$25="TP_BONUS",Build!$F$25,0)+IF(Build!$G$25="TP_BONUS",Build!$H$25,0)) | Y13: =IF(Build!$B$25="(keep equipped)",EquipBase!$W$13,IF(OR(Build!$B$25="(none)",Build!$B$25=""),0,IFERROR(INDEX(GearDB_ALL_WSDMG_ALL_HITS,$B$13),0)))+IF(Build!$B$25="(keep equipped)",0,IF($C$13>0,Build!$D$25*INDEX(AugDB_ALL_WSDMG_ALL_HITS,$C$13),0)+IF(Build!$E$25="ALL_WSDMG_ALL_HITS",Build!$F$25,0)+IF(Build!$G$25="ALL_WSDMG_ALL_HITS",Build!$H$25,0)) | Z13: =IF(Build!$B$25="(keep equipped)",EquipBase!$X$13,IF(OR(Build!$B$25="(none)",Build!$B$25=""),0,IFERROR(INDEX(GearDB_ALL_WSDMG_FIRST_HIT,$B$13),0)))+IF(Build!$B$25="(keep equipped)",0,IF($C$13>0,Build!$D$25*INDEX(AugDB_ALL_WSDMG_FIRST_HIT,$C$13),0)+IF(Build!$E$25="ALL_WSDMG_FIRST_HIT",Build!$F$25,0)+IF(Build!$G$25="ALL_WSDMG_FIRST_HIT",Build!$H$25,0)) | AA13: =IF(Build!$B$25="(keep equipped)",EquipBase!$Y$13,IF(OR(Build!$B$25="(none)",Build!$B$25=""),0,IFERROR(INDEX(GearDB_ANY_FTP_BONUS,$B$13),0)))+IF(Build!$B$25="(keep equipped)",0,IF($C$13>0,Build!$D$25*INDEX(AugDB_ANY_FTP_BONUS,$C$13),0)+IF(Build!$E$25="ANY_FTP_BONUS",Build!$F$25,0)+IF(Build!$G$25="ANY_FTP_BONUS",Build!$H$25,0)) | AB13: =IF(Build!$B$25="(keep equipped)",EquipBase!$Z$13,IF(OR(Build!$B$25="(none)",Build!$B$25=""),0,IFERROR(INDEX(GearDB_WSACC,$B$13),0)))+IF(Build!$B$25="(keep equipped)",0,IF($C$13>0,Build!$D$25*INDEX(AugDB_WSACC,$C$13),0)+IF(Build!$E$25="WSACC",Build!$F$25,0)+IF(Build!$G$25="WSACC",Build!$H$25,0)) | AC13: =IF(Build!$B$25="(keep equipped)",EquipBase!$AA$13,IF(OR(Build!$B$25="(none)",Build!$B$25=""),0,IFERROR(INDEX(GearDB_WSDMG_225,$B$13),0)))+IF(Build!$B$25="(keep equipped)",0,IF($C$13>0,Build!$D$25*INDEX(AugDB_WSDMG_225,$C$13),0)+IF(Build!$E$25="WSDMG_225",Build!$F$25,0)+IF(Build!$G$25="WSDMG_225",Build!$H$25,0))
A14: ring2 | B14: =IFERROR(MATCH(Build!$B$26,GearDB_names,0),0) | C14: =IFERROR(MATCH(Build!$C$26,AugDB_labels,0),0) | D14: =IF(Build!$B$26="(keep equipped)",EquipBase!$B$14,IF(OR(Build!$B$26="(none)",Build!$B$26=""),0,IFERROR(INDEX(GearDB_STR,$B$14),0)))+IF(Build!$B$26="(keep equipped)",0,IF($C$14>0,Build!$D$26*INDEX(AugDB_STR,$C$14),0)+IF(Build!$E$26="STR",Build!$F$26,0)+IF(Build!$G$26="STR",Build!$H$26,0)) | E14: =IF(Build!$B$26="(keep equipped)",EquipBase!$C$14,IF(OR(Build!$B$26="(none)",Build!$B$26=""),0,IFERROR(INDEX(GearDB_DEX,$B$14),0)))+IF(Build!$B$26="(keep equipped)",0,IF($C$14>0,Build!$D$26*INDEX(AugDB_DEX,$C$14),0)+IF(Build!$E$26="DEX",Build!$F$26,0)+IF(Build!$G$26="DEX",Build!$H$26,0)) | F14: =IF(Build!$B$26="(keep equipped)",EquipBase!$D$14,IF(OR(Build!$B$26="(none)",Build!$B$26=""),0,IFERROR(INDEX(GearDB_VIT,$B$14),0)))+IF(Build!$B$26="(keep equipped)",0,IF($C$14>0,Build!$D$26*INDEX(AugDB_VIT,$C$14),0)+IF(Build!$E$26="VIT",Build!$F$26,0)+IF(Build!$G$26="VIT",Build!$H$26,0)) | G14: =IF(Build!$B$26="(keep equipped)",EquipBase!$E$14,IF(OR(Build!$B$26="(none)",Build!$B$26=""),0,IFERROR(INDEX(GearDB_AGI,$B$14),0)))+IF(Build!$B$26="(keep equipped)",0,IF($C$14>0,Build!$D$26*INDEX(AugDB_AGI,$C$14),0)+IF(Build!$E$26="AGI",Build!$F$26,0)+IF(Build!$G$26="AGI",Build!$H$26,0)) | H14: =IF(Build!$B$26="(keep equipped)",EquipBase!$F$14,IF(OR(Build!$B$26="(none)",Build!$B$26=""),0,IFERROR(INDEX(GearDB_INT,$B$14),0)))+IF(Build!$B$26="(keep equipped)",0,IF($C$14>0,Build!$D$26*INDEX(AugDB_INT,$C$14),0)+IF(Build!$E$26="INT",Build!$F$26,0)+IF(Build!$G$26="INT",Build!$H$26,0)) | I14: =IF(Build!$B$26="(keep equipped)",EquipBase!$G$14,IF(OR(Build!$B$26="(none)",Build!$B$26=""),0,IFERROR(INDEX(GearDB_MND,$B$14),0)))+IF(Build!$B$26="(keep equipped)",0,IF($C$14>0,Build!$D$26*INDEX(AugDB_MND,$C$14),0)+IF(Build!$E$26="MND",Build!$F$26,0)+IF(Build!$G$26="MND",Build!$H$26,0)) | J14: =IF(Build!$B$26="(keep equipped)",EquipBase!$H$14,IF(OR(Build!$B$26="(none)",Build!$B$26=""),0,IFERROR(INDEX(GearDB_CHR,$B$14),0)))+IF(Build!$B$26="(keep equipped)",0,IF($C$14>0,Build!$D$26*INDEX(AugDB_CHR,$C$14),0)+IF(Build!$E$26="CHR",Build!$F$26,0)+IF(Build!$G$26="CHR",Build!$H$26,0)) | K14: =IF(Build!$B$26="(keep equipped)",EquipBase!$I$14,IF(OR(Build!$B$26="(none)",Build!$B$26=""),0,IFERROR(INDEX(GearDB_ATT,$B$14),0)))+IF(Build!$B$26="(keep equipped)",0,IF($C$14>0,Build!$D$26*INDEX(AugDB_ATT,$C$14),0)+IF(Build!$E$26="ATT",Build!$F$26,0)+IF(Build!$G$26="ATT",Build!$H$26,0)) | L14: =IF(Build!$B$26="(keep equipped)",EquipBase!$J$14,IF(OR(Build!$B$26="(none)",Build!$B$26=""),0,IFERROR(INDEX(GearDB_ATTP,$B$14),0)))+IF(Build!$B$26="(keep equipped)",0,IF($C$14>0,Build!$D$26*INDEX(AugDB_ATTP,$C$14),0)+IF(Build!$E$26="ATTP",Build!$F$26,0)+IF(Build!$G$26="ATTP",Build!$H$26,0)) | M14: =IF(Build!$B$26="(keep equipped)",EquipBase!$K$14,IF(OR(Build!$B$26="(none)",Build!$B$26=""),0,IFERROR(INDEX(GearDB_ACC,$B$14),0)))+IF(Build!$B$26="(keep equipped)",0,IF($C$14>0,Build!$D$26*INDEX(AugDB_ACC,$C$14),0)+IF(Build!$E$26="ACC",Build!$F$26,0)+IF(Build!$G$26="ACC",Build!$H$26,0)) | N14: =IF(Build!$B$26="(keep equipped)",EquipBase!$L$14,IF(OR(Build!$B$26="(none)",Build!$B$26=""),0,IFERROR(INDEX(GearDB_CRITHITRATE,$B$14),0)))+IF(Build!$B$26="(keep equipped)",0,IF($C$14>0,Build!$D$26*INDEX(AugDB_CRITHITRATE,$C$14),0)+IF(Build!$E$26="CRITHITRATE",Build!$F$26,0)+IF(Build!$G$26="CRITHITRATE",Build!$H$26,0)) | O14: =IF(Build!$B$26="(keep equipped)",EquipBase!$M$14,IF(OR(Build!$B$26="(none)",Build!$B$26=""),0,IFERROR(INDEX(GearDB_CRIT_DMG_INCREASE,$B$14),0)))+IF(Build!$B$26="(keep equipped)",0,IF($C$14>0,Build!$D$26*INDEX(AugDB_CRIT_DMG_INCREASE,$C$14),0)+IF(Build!$E$26="CRIT_DMG_INCREASE",Build!$F$26,0)+IF(Build!$G$26="CRIT_DMG_INCREASE",Build!$H$26,0)) | P14: =IF(Build!$B$26="(keep equipped)",EquipBase!$N$14,IF(OR(Build!$B$26="(none)",Build!$B$26=""),0,IFERROR(INDEX(GearDB_DOUBLE_ATTACK,$B$14),0)))+IF(Build!$B$26="(keep equipped)",0,IF($C$14>0,Build!$D$26*INDEX(AugDB_DOUBLE_ATTACK,$C$14),0)+IF(Build!$E$26="DOUBLE_ATTACK",Build!$F$26,0)+IF(Build!$G$26="DOUBLE_ATTACK",Build!$H$26,0)) | Q14: =IF(Build!$B$26="(keep equipped)",EquipBase!$O$14,IF(OR(Build!$B$26="(none)",Build!$B$26=""),0,IFERROR(INDEX(GearDB_TRIPLE_ATTACK,$B$14),0)))+IF(Build!$B$26="(keep equipped)",0,IF($C$14>0,Build!$D$26*INDEX(AugDB_TRIPLE_ATTACK,$C$14),0)+IF(Build!$E$26="TRIPLE_ATTACK",Build!$F$26,0)+IF(Build!$G$26="TRIPLE_ATTACK",Build!$H$26,0)) | R14: =IF(Build!$B$26="(keep equipped)",EquipBase!$P$14,IF(OR(Build!$B$26="(none)",Build!$B$26=""),0,IFERROR(INDEX(GearDB_QUAD_ATTACK,$B$14),0)))+IF(Build!$B$26="(keep equipped)",0,IF($C$14>0,Build!$D$26*INDEX(AugDB_QUAD_ATTACK,$C$14),0)+IF(Build!$E$26="QUAD_ATTACK",Build!$F$26,0)+IF(Build!$G$26="QUAD_ATTACK",Build!$H$26,0)) | S14: =IF(Build!$B$26="(keep equipped)",EquipBase!$Q$14,IF(OR(Build!$B$26="(none)",Build!$B$26=""),0,IFERROR(INDEX(GearDB_HASTE_GEAR,$B$14),0)))+IF(Build!$B$26="(keep equipped)",0,IF($C$14>0,Build!$D$26*INDEX(AugDB_HASTE_GEAR,$C$14),0)+IF(Build!$E$26="HASTE_GEAR",Build!$F$26,0)+IF(Build!$G$26="HASTE_GEAR",Build!$H$26,0)) | T14: =IF(Build!$B$26="(keep equipped)",EquipBase!$R$14,IF(OR(Build!$B$26="(none)",Build!$B$26=""),0,IFERROR(INDEX(GearDB_HASTE_MAGIC,$B$14),0)))+IF(Build!$B$26="(keep equipped)",0,IF($C$14>0,Build!$D$26*INDEX(AugDB_HASTE_MAGIC,$C$14),0)+IF(Build!$E$26="HASTE_MAGIC",Build!$F$26,0)+IF(Build!$G$26="HASTE_MAGIC",Build!$H$26,0)) | U14: =IF(Build!$B$26="(keep equipped)",EquipBase!$S$14,IF(OR(Build!$B$26="(none)",Build!$B$26=""),0,IFERROR(INDEX(GearDB_HASTE_ABILITY,$B$14),0)))+IF(Build!$B$26="(keep equipped)",0,IF($C$14>0,Build!$D$26*INDEX(AugDB_HASTE_ABILITY,$C$14),0)+IF(Build!$E$26="HASTE_ABILITY",Build!$F$26,0)+IF(Build!$G$26="HASTE_ABILITY",Build!$H$26,0)) | V14: =IF(Build!$B$26="(keep equipped)",EquipBase!$T$14,IF(OR(Build!$B$26="(none)",Build!$B$26=""),0,IFERROR(INDEX(GearDB_DUAL_WIELD,$B$14),0)))+IF(Build!$B$26="(keep equipped)",0,IF($C$14>0,Build!$D$26*INDEX(AugDB_DUAL_WIELD,$C$14),0)+IF(Build!$E$26="DUAL_WIELD",Build!$F$26,0)+IF(Build!$G$26="DUAL_WIELD",Build!$H$26,0)) | W14: =IF(Build!$B$26="(keep equipped)",EquipBase!$U$14,IF(OR(Build!$B$26="(none)",Build!$B$26=""),0,IFERROR(INDEX(GearDB_STORETP,$B$14),0)))+IF(Build!$B$26="(keep equipped)",0,IF($C$14>0,Build!$D$26*INDEX(AugDB_STORETP,$C$14),0)+IF(Build!$E$26="STORETP",Build!$F$26,0)+IF(Build!$G$26="STORETP",Build!$H$26,0)) | X14: =IF(Build!$B$26="(keep equipped)",EquipBase!$V$14,IF(OR(Build!$B$26="(none)",Build!$B$26=""),0,IFERROR(INDEX(GearDB_TP_BONUS,$B$14),0)))+IF(Build!$B$26="(keep equipped)",0,IF($C$14>0,Build!$D$26*INDEX(AugDB_TP_BONUS,$C$14),0)+IF(Build!$E$26="TP_BONUS",Build!$F$26,0)+IF(Build!$G$26="TP_BONUS",Build!$H$26,0)) | Y14: =IF(Build!$B$26="(keep equipped)",EquipBase!$W$14,IF(OR(Build!$B$26="(none)",Build!$B$26=""),0,IFERROR(INDEX(GearDB_ALL_WSDMG_ALL_HITS,$B$14),0)))+IF(Build!$B$26="(keep equipped)",0,IF($C$14>0,Build!$D$26*INDEX(AugDB_ALL_WSDMG_ALL_HITS,$C$14),0)+IF(Build!$E$26="ALL_WSDMG_ALL_HITS",Build!$F$26,0)+IF(Build!$G$26="ALL_WSDMG_ALL_HITS",Build!$H$26,0)) | Z14: =IF(Build!$B$26="(keep equipped)",EquipBase!$X$14,IF(OR(Build!$B$26="(none)",Build!$B$26=""),0,IFERROR(INDEX(GearDB_ALL_WSDMG_FIRST_HIT,$B$14),0)))+IF(Build!$B$26="(keep equipped)",0,IF($C$14>0,Build!$D$26*INDEX(AugDB_ALL_WSDMG_FIRST_HIT,$C$14),0)+IF(Build!$E$26="ALL_WSDMG_FIRST_HIT",Build!$F$26,0)+IF(Build!$G$26="ALL_WSDMG_FIRST_HIT",Build!$H$26,0)) | AA14: =IF(Build!$B$26="(keep equipped)",EquipBase!$Y$14,IF(OR(Build!$B$26="(none)",Build!$B$26=""),0,IFERROR(INDEX(GearDB_ANY_FTP_BONUS,$B$14),0)))+IF(Build!$B$26="(keep equipped)",0,IF($C$14>0,Build!$D$26*INDEX(AugDB_ANY_FTP_BONUS,$C$14),0)+IF(Build!$E$26="ANY_FTP_BONUS",Build!$F$26,0)+IF(Build!$G$26="ANY_FTP_BONUS",Build!$H$26,0)) | AB14: =IF(Build!$B$26="(keep equipped)",EquipBase!$Z$14,IF(OR(Build!$B$26="(none)",Build!$B$26=""),0,IFERROR(INDEX(GearDB_WSACC,$B$14),0)))+IF(Build!$B$26="(keep equipped)",0,IF($C$14>0,Build!$D$26*INDEX(AugDB_WSACC,$C$14),0)+IF(Build!$E$26="WSACC",Build!$F$26,0)+IF(Build!$G$26="WSACC",Build!$H$26,0)) | AC14: =IF(Build!$B$26="(keep equipped)",EquipBase!$AA$14,IF(OR(Build!$B$26="(none)",Build!$B$26=""),0,IFERROR(INDEX(GearDB_WSDMG_225,$B$14),0)))+IF(Build!$B$26="(keep equipped)",0,IF($C$14>0,Build!$D$26*INDEX(AugDB_WSDMG_225,$C$14),0)+IF(Build!$E$26="WSDMG_225",Build!$F$26,0)+IF(Build!$G$26="WSDMG_225",Build!$H$26,0))
A15: back | B15: =IFERROR(MATCH(Build!$B$27,GearDB_names,0),0) | C15: =IFERROR(MATCH(Build!$C$27,AugDB_labels,0),0) | D15: =IF(Build!$B$27="(keep equipped)",EquipBase!$B$15,IF(OR(Build!$B$27="(none)",Build!$B$27=""),0,IFERROR(INDEX(GearDB_STR,$B$15),0)))+IF(Build!$B$27="(keep equipped)",0,IF($C$15>0,Build!$D$27*INDEX(AugDB_STR,$C$15),0)+IF(Build!$E$27="STR",Build!$F$27,0)+IF(Build!$G$27="STR",Build!$H$27,0)) | E15: =IF(Build!$B$27="(keep equipped)",EquipBase!$C$15,IF(OR(Build!$B$27="(none)",Build!$B$27=""),0,IFERROR(INDEX(GearDB_DEX,$B$15),0)))+IF(Build!$B$27="(keep equipped)",0,IF($C$15>0,Build!$D$27*INDEX(AugDB_DEX,$C$15),0)+IF(Build!$E$27="DEX",Build!$F$27,0)+IF(Build!$G$27="DEX",Build!$H$27,0)) | F15: =IF(Build!$B$27="(keep equipped)",EquipBase!$D$15,IF(OR(Build!$B$27="(none)",Build!$B$27=""),0,IFERROR(INDEX(GearDB_VIT,$B$15),0)))+IF(Build!$B$27="(keep equipped)",0,IF($C$15>0,Build!$D$27*INDEX(AugDB_VIT,$C$15),0)+IF(Build!$E$27="VIT",Build!$F$27,0)+IF(Build!$G$27="VIT",Build!$H$27,0)) | G15: =IF(Build!$B$27="(keep equipped)",EquipBase!$E$15,IF(OR(Build!$B$27="(none)",Build!$B$27=""),0,IFERROR(INDEX(GearDB_AGI,$B$15),0)))+IF(Build!$B$27="(keep equipped)",0,IF($C$15>0,Build!$D$27*INDEX(AugDB_AGI,$C$15),0)+IF(Build!$E$27="AGI",Build!$F$27,0)+IF(Build!$G$27="AGI",Build!$H$27,0)) | H15: =IF(Build!$B$27="(keep equipped)",EquipBase!$F$15,IF(OR(Build!$B$27="(none)",Build!$B$27=""),0,IFERROR(INDEX(GearDB_INT,$B$15),0)))+IF(Build!$B$27="(keep equipped)",0,IF($C$15>0,Build!$D$27*INDEX(AugDB_INT,$C$15),0)+IF(Build!$E$27="INT",Build!$F$27,0)+IF(Build!$G$27="INT",Build!$H$27,0)) | I15: =IF(Build!$B$27="(keep equipped)",EquipBase!$G$15,IF(OR(Build!$B$27="(none)",Build!$B$27=""),0,IFERROR(INDEX(GearDB_MND,$B$15),0)))+IF(Build!$B$27="(keep equipped)",0,IF($C$15>0,Build!$D$27*INDEX(AugDB_MND,$C$15),0)+IF(Build!$E$27="MND",Build!$F$27,0)+IF(Build!$G$27="MND",Build!$H$27,0)) | J15: =IF(Build!$B$27="(keep equipped)",EquipBase!$H$15,IF(OR(Build!$B$27="(none)",Build!$B$27=""),0,IFERROR(INDEX(GearDB_CHR,$B$15),0)))+IF(Build!$B$27="(keep equipped)",0,IF($C$15>0,Build!$D$27*INDEX(AugDB_CHR,$C$15),0)+IF(Build!$E$27="CHR",Build!$F$27,0)+IF(Build!$G$27="CHR",Build!$H$27,0)) | K15: =IF(Build!$B$27="(keep equipped)",EquipBase!$I$15,IF(OR(Build!$B$27="(none)",Build!$B$27=""),0,IFERROR(INDEX(GearDB_ATT,$B$15),0)))+IF(Build!$B$27="(keep equipped)",0,IF($C$15>0,Build!$D$27*INDEX(AugDB_ATT,$C$15),0)+IF(Build!$E$27="ATT",Build!$F$27,0)+IF(Build!$G$27="ATT",Build!$H$27,0)) | L15: =IF(Build!$B$27="(keep equipped)",EquipBase!$J$15,IF(OR(Build!$B$27="(none)",Build!$B$27=""),0,IFERROR(INDEX(GearDB_ATTP,$B$15),0)))+IF(Build!$B$27="(keep equipped)",0,IF($C$15>0,Build!$D$27*INDEX(AugDB_ATTP,$C$15),0)+IF(Build!$E$27="ATTP",Build!$F$27,0)+IF(Build!$G$27="ATTP",Build!$H$27,0)) | M15: =IF(Build!$B$27="(keep equipped)",EquipBase!$K$15,IF(OR(Build!$B$27="(none)",Build!$B$27=""),0,IFERROR(INDEX(GearDB_ACC,$B$15),0)))+IF(Build!$B$27="(keep equipped)",0,IF($C$15>0,Build!$D$27*INDEX(AugDB_ACC,$C$15),0)+IF(Build!$E$27="ACC",Build!$F$27,0)+IF(Build!$G$27="ACC",Build!$H$27,0)) | N15: =IF(Build!$B$27="(keep equipped)",EquipBase!$L$15,IF(OR(Build!$B$27="(none)",Build!$B$27=""),0,IFERROR(INDEX(GearDB_CRITHITRATE,$B$15),0)))+IF(Build!$B$27="(keep equipped)",0,IF($C$15>0,Build!$D$27*INDEX(AugDB_CRITHITRATE,$C$15),0)+IF(Build!$E$27="CRITHITRATE",Build!$F$27,0)+IF(Build!$G$27="CRITHITRATE",Build!$H$27,0)) | O15: =IF(Build!$B$27="(keep equipped)",EquipBase!$M$15,IF(OR(Build!$B$27="(none)",Build!$B$27=""),0,IFERROR(INDEX(GearDB_CRIT_DMG_INCREASE,$B$15),0)))+IF(Build!$B$27="(keep equipped)",0,IF($C$15>0,Build!$D$27*INDEX(AugDB_CRIT_DMG_INCREASE,$C$15),0)+IF(Build!$E$27="CRIT_DMG_INCREASE",Build!$F$27,0)+IF(Build!$G$27="CRIT_DMG_INCREASE",Build!$H$27,0)) | P15: =IF(Build!$B$27="(keep equipped)",EquipBase!$N$15,IF(OR(Build!$B$27="(none)",Build!$B$27=""),0,IFERROR(INDEX(GearDB_DOUBLE_ATTACK,$B$15),0)))+IF(Build!$B$27="(keep equipped)",0,IF($C$15>0,Build!$D$27*INDEX(AugDB_DOUBLE_ATTACK,$C$15),0)+IF(Build!$E$27="DOUBLE_ATTACK",Build!$F$27,0)+IF(Build!$G$27="DOUBLE_ATTACK",Build!$H$27,0)) | Q15: =IF(Build!$B$27="(keep equipped)",EquipBase!$O$15,IF(OR(Build!$B$27="(none)",Build!$B$27=""),0,IFERROR(INDEX(GearDB_TRIPLE_ATTACK,$B$15),0)))+IF(Build!$B$27="(keep equipped)",0,IF($C$15>0,Build!$D$27*INDEX(AugDB_TRIPLE_ATTACK,$C$15),0)+IF(Build!$E$27="TRIPLE_ATTACK",Build!$F$27,0)+IF(Build!$G$27="TRIPLE_ATTACK",Build!$H$27,0)) | R15: =IF(Build!$B$27="(keep equipped)",EquipBase!$P$15,IF(OR(Build!$B$27="(none)",Build!$B$27=""),0,IFERROR(INDEX(GearDB_QUAD_ATTACK,$B$15),0)))+IF(Build!$B$27="(keep equipped)",0,IF($C$15>0,Build!$D$27*INDEX(AugDB_QUAD_ATTACK,$C$15),0)+IF(Build!$E$27="QUAD_ATTACK",Build!$F$27,0)+IF(Build!$G$27="QUAD_ATTACK",Build!$H$27,0)) | S15: =IF(Build!$B$27="(keep equipped)",EquipBase!$Q$15,IF(OR(Build!$B$27="(none)",Build!$B$27=""),0,IFERROR(INDEX(GearDB_HASTE_GEAR,$B$15),0)))+IF(Build!$B$27="(keep equipped)",0,IF($C$15>0,Build!$D$27*INDEX(AugDB_HASTE_GEAR,$C$15),0)+IF(Build!$E$27="HASTE_GEAR",Build!$F$27,0)+IF(Build!$G$27="HASTE_GEAR",Build!$H$27,0)) | T15: =IF(Build!$B$27="(keep equipped)",EquipBase!$R$15,IF(OR(Build!$B$27="(none)",Build!$B$27=""),0,IFERROR(INDEX(GearDB_HASTE_MAGIC,$B$15),0)))+IF(Build!$B$27="(keep equipped)",0,IF($C$15>0,Build!$D$27*INDEX(AugDB_HASTE_MAGIC,$C$15),0)+IF(Build!$E$27="HASTE_MAGIC",Build!$F$27,0)+IF(Build!$G$27="HASTE_MAGIC",Build!$H$27,0)) | U15: =IF(Build!$B$27="(keep equipped)",EquipBase!$S$15,IF(OR(Build!$B$27="(none)",Build!$B$27=""),0,IFERROR(INDEX(GearDB_HASTE_ABILITY,$B$15),0)))+IF(Build!$B$27="(keep equipped)",0,IF($C$15>0,Build!$D$27*INDEX(AugDB_HASTE_ABILITY,$C$15),0)+IF(Build!$E$27="HASTE_ABILITY",Build!$F$27,0)+IF(Build!$G$27="HASTE_ABILITY",Build!$H$27,0)) | V15: =IF(Build!$B$27="(keep equipped)",EquipBase!$T$15,IF(OR(Build!$B$27="(none)",Build!$B$27=""),0,IFERROR(INDEX(GearDB_DUAL_WIELD,$B$15),0)))+IF(Build!$B$27="(keep equipped)",0,IF($C$15>0,Build!$D$27*INDEX(AugDB_DUAL_WIELD,$C$15),0)+IF(Build!$E$27="DUAL_WIELD",Build!$F$27,0)+IF(Build!$G$27="DUAL_WIELD",Build!$H$27,0)) | W15: =IF(Build!$B$27="(keep equipped)",EquipBase!$U$15,IF(OR(Build!$B$27="(none)",Build!$B$27=""),0,IFERROR(INDEX(GearDB_STORETP,$B$15),0)))+IF(Build!$B$27="(keep equipped)",0,IF($C$15>0,Build!$D$27*INDEX(AugDB_STORETP,$C$15),0)+IF(Build!$E$27="STORETP",Build!$F$27,0)+IF(Build!$G$27="STORETP",Build!$H$27,0)) | X15: =IF(Build!$B$27="(keep equipped)",EquipBase!$V$15,IF(OR(Build!$B$27="(none)",Build!$B$27=""),0,IFERROR(INDEX(GearDB_TP_BONUS,$B$15),0)))+IF(Build!$B$27="(keep equipped)",0,IF($C$15>0,Build!$D$27*INDEX(AugDB_TP_BONUS,$C$15),0)+IF(Build!$E$27="TP_BONUS",Build!$F$27,0)+IF(Build!$G$27="TP_BONUS",Build!$H$27,0)) | Y15: =IF(Build!$B$27="(keep equipped)",EquipBase!$W$15,IF(OR(Build!$B$27="(none)",Build!$B$27=""),0,IFERROR(INDEX(GearDB_ALL_WSDMG_ALL_HITS,$B$15),0)))+IF(Build!$B$27="(keep equipped)",0,IF($C$15>0,Build!$D$27*INDEX(AugDB_ALL_WSDMG_ALL_HITS,$C$15),0)+IF(Build!$E$27="ALL_WSDMG_ALL_HITS",Build!$F$27,0)+IF(Build!$G$27="ALL_WSDMG_ALL_HITS",Build!$H$27,0)) | Z15: =IF(Build!$B$27="(keep equipped)",EquipBase!$X$15,IF(OR(Build!$B$27="(none)",Build!$B$27=""),0,IFERROR(INDEX(GearDB_ALL_WSDMG_FIRST_HIT,$B$15),0)))+IF(Build!$B$27="(keep equipped)",0,IF($C$15>0,Build!$D$27*INDEX(AugDB_ALL_WSDMG_FIRST_HIT,$C$15),0)+IF(Build!$E$27="ALL_WSDMG_FIRST_HIT",Build!$F$27,0)+IF(Build!$G$27="ALL_WSDMG_FIRST_HIT",Build!$H$27,0)) | AA15: =IF(Build!$B$27="(keep equipped)",EquipBase!$Y$15,IF(OR(Build!$B$27="(none)",Build!$B$27=""),0,IFERROR(INDEX(GearDB_ANY_FTP_BONUS,$B$15),0)))+IF(Build!$B$27="(keep equipped)",0,IF($C$15>0,Build!$D$27*INDEX(AugDB_ANY_FTP_BONUS,$C$15),0)+IF(Build!$E$27="ANY_FTP_BONUS",Build!$F$27,0)+IF(Build!$G$27="ANY_FTP_BONUS",Build!$H$27,0)) | AB15: =IF(Build!$B$27="(keep equipped)",EquipBase!$Z$15,IF(OR(Build!$B$27="(none)",Build!$B$27=""),0,IFERROR(INDEX(GearDB_WSACC,$B$15),0)))+IF(Build!$B$27="(keep equipped)",0,IF($C$15>0,Build!$D$27*INDEX(AugDB_WSACC,$C$15),0)+IF(Build!$E$27="WSACC",Build!$F$27,0)+IF(Build!$G$27="WSACC",Build!$H$27,0)) | AC15: =IF(Build!$B$27="(keep equipped)",EquipBase!$AA$15,IF(OR(Build!$B$27="(none)",Build!$B$27=""),0,IFERROR(INDEX(GearDB_WSDMG_225,$B$15),0)))+IF(Build!$B$27="(keep equipped)",0,IF($C$15>0,Build!$D$27*INDEX(AugDB_WSDMG_225,$C$15),0)+IF(Build!$E$27="WSDMG_225",Build!$F$27,0)+IF(Build!$G$27="WSDMG_225",Build!$H$27,0))
A16: TOTAL | D16: =SUM(D2:D15) | E16: =SUM(E2:E15) | F16: =SUM(F2:F15) | G16: =SUM(G2:G15) | H16: =SUM(H2:H15) | I16: =SUM(I2:I15) | J16: =SUM(J2:J15) | K16: =SUM(K2:K15) | ... AC16: =SUM(AC2:AC15)

Sheet Calc
A1: Baked weapon / context constants
A2: weapon rank | B2: 20
A3: STR->ATT mult | B3: 0.75
A4: DEX->ACC mult | B4: 0.75
A5: main delay | B5: 233
A6: pDIF cap | B6: 3.25
A7: hit-rate cap | B7: 0.99
A8: WEAPON_SKILL_POWER | B8: 2
A9: weapon ATTP | B9: 0
A10: weapon ANY_FTP_BONUS | B10: 0
A11: weapon WSACC | B11: 0
A12: Gear deltas (candidate - equipped)
A13: delta STR | B13: =(GearCalc!$D$16)-(EquipBase!$B$16)
A14: delta DEX | B14: =(GearCalc!$E$16)-(EquipBase!$C$16)
A15: delta VIT | B15: =(GearCalc!$F$16)-(EquipBase!$D$16)
A16: delta AGI | B16: =(GearCalc!$G$16)-(EquipBase!$E$16)
A17: delta INT | B17: =(GearCalc!$H$16)-(EquipBase!$F$16)
A18: delta MND | B18: =(GearCalc!$I$16)-(EquipBase!$G$16)
A19: delta CHR | B19: =(GearCalc!$J$16)-(EquipBase!$H$16)
A20: delta ATT | B20: =(GearCalc!$K$16)-(EquipBase!$I$16)
A21: delta ATTP | B21: =(GearCalc!$L$16)-(EquipBase!$J$16)
A22: delta ACC | B22: =(GearCalc!$M$16)-(EquipBase!$K$16)
A23: delta CRITHITRATE | B23: =(GearCalc!$N$16)-(EquipBase!$L$16)
A24: delta CRIT_DMG_INCREASE | B24: =(GearCalc!$O$16)-(EquipBase!$M$16)
A25: delta DOUBLE_ATTACK | B25: =(GearCalc!$P$16)-(EquipBase!$N$16)
A26: delta TRIPLE_ATTACK | B26: =(GearCalc!$Q$16)-(EquipBase!$O$16)
A27: delta QUAD_ATTACK | B27: =(GearCalc!$R$16)-(EquipBase!$P$16)
A28: delta HASTE_GEAR | B28: =(GearCalc!$S$16)-(EquipBase!$Q$16)
A29: delta HASTE_MAGIC | B29: =(GearCalc!$T$16)-(EquipBase!$R$16)
A30: delta HASTE_ABILITY | B30: =(GearCalc!$U$16)-(EquipBase!$S$16)
A31: delta DUAL_WIELD | B31: =(GearCalc!$V$16)-(EquipBase!$T$16)
A32: delta STORETP | B32: =(GearCalc!$W$16)-(EquipBase!$U$16)
A33: delta TP_BONUS | B33: =(GearCalc!$X$16)-(EquipBase!$V$16)
A34: delta ALL_WSDMG_ALL_HITS | B34: =(GearCalc!$Y$16)-(EquipBase!$W$16)
A35: delta ALL_WSDMG_FIRST_HIT | B35: =(GearCalc!$Z$16)-(EquipBase!$X$16)
A36: delta ANY_FTP_BONUS | B36: =(GearCalc!$AA$16)-(EquipBase!$Y$16)
A37: delta WSACC | B37: =(GearCalc!$AB$16)-(EquipBase!$Z$16)
A38: Final candidate stats (anchored-delta)
A39: STR | B39: =(Stats!$B$4)+(Calc!$B$13)
A40: DEX | B40: =(Stats!$B$5)+(Calc!$B$14)
A41: VIT | B41: =(Stats!$B$6)+(Calc!$B$15)
A42: AGI | B42: =(Stats!$B$7)+(Calc!$B$16)
A43: INT | B43: =(Stats!$B$8)+(Calc!$B$17)
A44: MND | B44: =(Stats!$B$9)+(Calc!$B$18)
A45: CHR | B45: =(Stats!$B$10)+(Calc!$B$19)
A46: ATTP (equipped) | B46: =(Calc!$B$9)+(EquipBase!$J$16)
A47: ATTP (candidate) | B47: =(Calc!$B$9)+(GearCalc!$L$16)
A48: ATT core (anchor) | B48: =ROUND(Stats!$B$11/(1+(Calc!$B$46)/100),0)
A49: ATT core (candidate) | B49: =(Calc!$B$48)+(Calc!$B$20)+INT((Calc!$B$39)*(Calc!$B$3))-INT((Stats!$B$4)*(Calc!$B$3))
A50: ATT | B50: =MAX(1,(Calc!$B$49)+INT((Calc!$B$49)*(Calc!$B$47)/100))
A51: ACC | B51: =(Stats!$B$12)+(Calc!$B$22)+INT((Calc!$B$40)*(Calc!$B$4))-INT((Stats!$B$5)*(Calc!$B$4))
A52: Crit rate mod | B52: =(Stats!$B$14)+(Calc!$B$23)
A53: Crit dmg +% | B53: =(Stats!$B$15)+(Calc!$B$24)
A54: Dbl Atk % | B54: =(Stats!$B$16)+(Calc!$B$25)
A55: Trpl Atk % | B55: =(Stats!$B$17)+(Calc!$B$26)
A56: Quad Atk % | B56: =(Stats!$B$18)+(Calc!$B$27)
A57: Haste-Gear | B57: =(Stats!$B$19)+(Calc!$B$28)
A58: Haste-Magic | B58: =(Stats!$B$20)+(Calc!$B$29)
A59: Haste-Ability | B59: =(Stats!$B$21)+(Calc!$B$30)
A60: Dual Wield % | B60: =(Stats!$B$22)+(Calc!$B$31)
A61: Store TP | B61: =(Stats!$B$23)+(Calc!$B$32)
A62: TP Bonus | B62: =(Stats!$B$24)+(Calc!$B$33)
A63: WS dmg all % | B63: =(Stats!$B$25)+(Calc!$B$34)
A64: WS dmg 1st % | B64: =(Stats!$B$26)+(Calc!$B$35)
A65: gear fTP (ANY_FTP/256) | B65: =((Calc!$B$10)+(GearCalc!$AA$16))/256
A66: WSACC | B66: =(Calc!$B$11)+(GearCalc!$AB$16)
A67: weapon dmg | B67: =(Stats!$B$13)
A68: weapon dmg-for-rank | B68: 181
A69: Target (selected)
A70: target row | B70: =MATCH(Build!$B$4,list_targets,0)
A71: tgt_def | B71: =INDEX(Targets!$B$2:$B$16,Calc!$B$70)
A72: tgt_eva | B72: =INDEX(Targets!$C$2:$C$16,Calc!$B$70)
A73: tgt_vit | B73: =INDEX(Targets!$D$2:$D$16,Calc!$B$70)
A74: tgt_agi | B74: =INDEX(Targets!$E$2:$E$16,Calc!$B$70)
A75: tgt_crit_eva | B75: =INDEX(Targets!$F$2:$F$16,Calc!$B$70)
A76: tgt_crit_def | B76: =INDEX(Targets!$G$2:$G$16,Calc!$B$70)
A77: Weaponskill (selected)
A78: ws row | B78: =MATCH(Build!$B$5,list_ws,0)
A79: ws_numhits | B79: =INDEX(WSDB!$B$2:$B$13,Calc!$B$78)
A80: ws_ftp1 | B80: =INDEX(WSDB!$C$2:$C$13,Calc!$B$78)
A81: ws_ftp2 | B81: =INDEX(WSDB!$D$2:$D$13,Calc!$B$78)
A82: ws_ftp3 | B82: =INDEX(WSDB!$E$2:$E$13,Calc!$B$78)
A83: ws_wsc_STR | B83: =INDEX(WSDB!$F$2:$F$13,Calc!$B$78)
A84: ws_wsc_DEX | B84: =INDEX(WSDB!$G$2:$G$13,Calc!$B$78)
A85: ws_wsc_VIT | B85: =INDEX(WSDB!$H$2:$H$13,Calc!$B$78)
A86: ws_wsc_AGI | B86: =INDEX(WSDB!$I$2:$I$13,Calc!$B$78)
A87: ws_wsc_INT | B87: =INDEX(WSDB!$J$2:$J$13,Calc!$B$78)
A88: ws_wsc_MND | B88: =INDEX(WSDB!$K$2:$K$13,Calc!$B$78)
A89: ws_wsc_CHR | B89: =INDEX(WSDB!$L$2:$L$13,Calc!$B$78)
A90: ws_atk1 | B90: =INDEX(WSDB!$M$2:$M$13,Calc!$B$78)
A91: ws_atk2 | B91: =INDEX(WSDB!$N$2:$N$13,Calc!$B$78)
A92: ws_atk3 | B92: =INDEX(WSDB!$O$2:$O$13,Calc!$B$78)
A93: ws_ign1 | B93: =INDEX(WSDB!$P$2:$P$13,Calc!$B$78)
A94: ws_ign2 | B94: =INDEX(WSDB!$Q$2:$Q$13,Calc!$B$78)
A95: ws_ign3 | B95: =INDEX(WSDB!$R$2:$R$13,Calc!$B$78)
A96: ws_has_ign | B96: =INDEX(WSDB!$S$2:$S$13,Calc!$B$78)
A97: ws_crit1 | B97: =INDEX(WSDB!$T$2:$T$13,Calc!$B$78)
A98: ws_crit2 | B98: =INDEX(WSDB!$U$2:$U$13,Calc!$B$78)
A99: ws_crit3 | B99: =INDEX(WSDB!$V$2:$V$13,Calc!$B$78)
A100: ws_has_crit | B100: =INDEX(WSDB!$W$2:$W$13,Calc!$B$78)
...

Sheet EquipBase
A1: slot | B1: STR | C1: DEX | D1: VIT | E1: AGI | F1: INT | G1: MND | H1: CHR | I1: ATT | J1: ATTP | K1: ACC | L1: CRITHITRATE | M1: CRIT_DMG_INCREASE | N1: DOUBLE_ATTACK | O1: TRIPLE_ATTACK | P1: QUAD_ATTACK | Q1: HASTE_GEAR | R1: HASTE_MAGIC | S1: HASTE_ABILITY | T1: DUAL_WIELD | U1: STORETP | V1: TP_BONUS | W1: ALL_WSDMG_ALL_HITS | X1: ALL_WSDMG_FIRST_HIT | Y1: ANY_FTP_BONUS | Z1: WSACC | AA1: WSDMG_225
A2: range | B2: 0 | C2: 0 | D2: 0 | E2: 0 | F2: 0 | G2: 0 | H2: 0 | I2: 0 | J2: 0 | K2: 0 | L2: 0 | M2: 0 | N2: 0 | O2: 0 | P2: 0 | Q2: 0 | R2: 0 | S2: 0 | T2: 0 | U2: 0 | V2: 0 | W2: 0 | X2: 0 | Y2: 0 | Z2: 0 | AA2: 0
A3: ammo | B3: 0 | C3: 0 | D3: 0 | E3: 0 | F3: 0 | G3: 0 | H3: 0 | I3: 266 | J3: 0 | K3: 5 | L3: 0 | M3: 0 | N3: 0 | O3: 0 | P3: 0 | Q3: 0 | R3: 0 | S3: 0 | T3: 0 | U3: 3 | V3: 0 | W3: 0 | X3: 0 | Y3: 0 | Z3: 0 | AA3: 0
A4: head | B4: 25 | C4: 25 | D4: 25 | E4: 21 | F4: 26 | G4: 21 | H4: 21 | I4: 0 | J4: 0 | K4: 38 | L4: 0 | M4: 0 | N4: 0 | O4: 0 | P4: 0 | Q4: 800 | R4: 0 | S4: 0 | T4: 0 | U4: 0 | V4: 0 | W4: 0 | X4: 0 | Y4: 0 | Z4: 0 | AA4: 0
A5: body | B5: 35 | C5: 24 | D5: 35 | E5: 33 | F5: 42 | G5: 37 | H5: 35 | I5: 30 | J5: 0 | K5: 40 | L5: 0 | M5: 0 | N5: 0 | O5: 0 | P5: 8 | Q5: 300 | R5: 0 | S5: 0 | T5: 0 | U5: 0 | V5: 0 | W5: 0 | X5: 0 | Y5: 0 | Z5: 0 | AA5: 0
A6: hands | B6: 17 | C6: 42 | D6: 39 | E6: 12 | F6: 28 | G6: 40 | H6: 24 | I6: 286 | J6: 0 | K6: 40 | L6: 0 | M6: 0 | N6: 0 | O6: 0 | P6: 0 | Q6: 300 | R6: 0 | S6: 0 | T6: 0 | U6: 0 | V6: 0 | W6: 0 | X6: 0 | Y6: 0 | Z6: 0 | AA6: 0
A7: legs | B7: 30 | C7: 0 | D7: 17 | E7: 17 | F7: 29 | G7: 16 | H7: 16 | I7: 35 | J7: 0 | K7: 35 | L7: 0 | M7: 0 | N7: 0 | O7: 0 | P7: 0 | Q7: 600 | R7: 0 | S7: 0 | T7: 0 | U7: 0 | V7: 0 | W7: 0 | X7: 0 | Y7: 0 | Z7: 0 | AA7: 0
A8: feet | B8: 23 | C8: 26 | D8: 24 | E8: 46 | F8: 25 | G8: 26 | H8: 38 | I8: 30 | J8: 0 | K8: 40 | L8: 0 | M8: 0 | N8: 0 | O8: 0 | P8: 8 | Q8: 300 | R8: 0 | S8: 0 | T8: 0 | U8: 0 | V8: 0 | W8: 0 | X8: 0 | Y8: 0 | Z8: 0 | AA8: 0
A9: neck | B9: 0 | C9: 0 | D9: 0 | E9: 0 | F9: 0 | G9: 0 | H9: 0 | I9: 0 | J9: 0 | K9: 0 | L9: 0 | M9: 0 | N9: 0 | O9: 0 | P9: 0 | Q9: 0 | R9: 0 | S9: 0 | T9: 0 | U9: 0 | V9: 0 | W9: 8 | X9: 0 | Y9: 25 | Z9: 0 | AA9: 0
A10: waist | B10: 0 | C10: 0 | D10: 0 | E10: 0 | F10: 0 | G10: 0 | H10: 0 | I10: 0 | J10: 0 | K10: 0 | L10: 0 | M10: 0 | N10: 0 | O10: 0 | P10: 0 | Q10: 0 | R10: 0 | S10: 0 | T10: 0 | U10: 0 | V10: 0 | W10: 16 | X10: 0 | Y10: 25 | Z10: 0 | AA10: 0
A11: ear1 | B11: 0 | C11: 0 | D11: 0 | E11: 0 | F11: 0 | G11: 0 | H11: 0 | I11: 0 | J11: 0 | K11: 0 | L11: 0 | M11: 0 | N11: 5 | O11: 0 | P11: 0 | Q11: 0 | R11: 0 | S11: 0 | T11: 0 | U11: 1 | V11: 0 | W11: 0 | X11: 0 | Y11: 0 | Z11: 0 | AA11: 40
A12: ear2 | B12: 0 | C12: 0 | D12: 2 | E12: 0 | F12: 0 | G12: 0 | H12: 0 | I12: 0 | J12: 0 | K12: 0 | L12: 0 | M12: 0 | N12: 0 | O12: 0 | P12: 8 | Q12: 0 | R12: 0 | S12: 0 | T12: 0 | U12: 0 | V12: 0 | W12: 0 | X12: 0 | Y12: 0 | Z12: 0 | AA12: 0
A13: ring1 | B13: 0 | C13: 0 | D13: 0 | E13: 0 | F13: 0 | G13: 0 | H13: 0 | I13: 0 | J13: 0 | K13: 0 | L13: 0 | M13: 0 | N13: 0 | O13: 0 | P13: 0 | Q13: 0 | R13: 0 | S13: 0 | T13: 0 | U13: 0 | V13: 0 | W13: 0 | X13: 0 | Y13: 0 | Z13: 0 | AA13: 0
... A15: back | B15: 0 | C15: 0 | D15: 0 | E15: 0 | F15: 0 | G15: 0 | H15: 0 | I15: 261 | J15: 0 | K15: 15 | L15: 0 | M15: 0 | N15: 3 | O15: 0 | P15: 0 | Q15: 0 | R15: 0 | S15: 0 | T15: 0 | U15: 0 | V15: 0 | W15: 0 | X15: 0 | Y15: 0 | Z15: 0 | AA15: 0
A16: TOTAL | B16: =SUM(B2:B15) | C16: =SUM(C2:C15) | D16: =SUM(D2:D15) | E16: =SUM(E2:E15) | F16: =SUM(F2:F15) | G16: =SUM(G2:G15) | H16: =SUM(H2:H15) | I16: =SUM(I2:I15) | ... AA16: =SUM(AA2:AA15)

Sheet GearDB
A1: name | B1: slotmask | C1: itemId | D1: STR | E1: DEX | F1: VIT | G1: AGI | H1: INT | I1: MND | J1: CHR | K1: ATT | L1: ATTP | M1: ACC | N1: CRITHITRATE | O1: CRIT_DMG_INCREASE | P1: DOUBLE_ATTACK | Q1: TRIPLE_ATTACK | R1: QUAD_ATTACK | S1: HASTE_GEAR | T1: HASTE_MAGIC | U1: HASTE_ABILITY | V1: DUAL_WIELD | W1: STORETP | X1: TP_BONUS | Y1: ALL_WSDMG_ALL_HITS | Z1: ALL_WSDMG_FIRST_HIT | AA1: ANY_FTP_BONUS | AB1: WSACC | AC1: WSDMG_225
A2: abatteur_subligar | B2: 128 | C2: 28068 | D2: 10 | E2: 10 | F2: 0 | G2: 0 | H2: 0 | I2: 0 | J2: 0 | K2: 14 | L2: 0 | M2: 7 | N2: 0 | O2: 0 | P2: 0 | Q2: 0 | R2: 0 | S2: 500 | T2: 0 | U2: 0 | V2: 0 | W2: 0 | X2: 0 | Y2: 0 | Z2: 0 | AA2: 0 | AB2: 0 | AC2: 0
A3: abnoba_kaftan | B3: 32 | C3: 25704 | D3: 25 | E3: 38 | F3: 24 | G3: 0 | H3: 21 | I3: 21 | J3: 21 | K3: 22 | L3: 0 | M3: 22 | N3: 5 | O3: 5 | P3: 0 | Q3: 0 | R3: 0 | S3: 400 | T3: 0 | U3: 0 | V3: 0 | W3: 0 | X3: 0 | Y3: 0 | Z3: 0 | AA3: 0 | AB3: 0 | AC3: 0
A4: acerbic_sash_+1 | B4: 1024 | C4: 28435 | D4: -8 | E4: -8 | F4: -8 | G4: -8 | H4: -8 | I4: -8 | J4: -8 | K4: 0 | L4: 0 | M4: 0 | N4: 0 | O4: 0 | P4: 0 | Q4: 0 | R4: 0 | S4: 0 | T4: 0 | U4: 0 | V4: 0 | W4: 0 | X4: 0 | Y4: 0 | Z4: 0 | AA4: 0 | AB4: 0 | AC4: 0
A5: acro_breeches | B5: 128 | C5: 27233 | D5: 33 | E5: 0 | F5: 19 | G5: 13 | H5: 24 | I5: 14 | J5: 10 | K5: 0 | L5: 0 | M5: 0 | N5: 0 | O5: 0 | P5: 0 | Q5: 0 | R5: 0 | S5: 500 | T5: 0 | U5: 0 | V5: 0 | W5: 4 | X5: 0 | Y5: 0 | Z5: 0 | AA5: 0 | AB5: 0 | AC5: 0
A6: acro_gauntlets | B6: 64 | C6: 27046 | D6: 4 | E6: 31 | F6: 28 | G6: 5 | H6: 8 | I6: 24 | J6: 18 | K6: 0 | L6: 0 | M6: 0 | N6: 0 | O6: 0 | P6: 0 | Q6: 0 | R6: 0 | S6: 400 | T6: 0 | U6: 0 | V6: 0 | W6: 4 | X6: 0 | Y6: 0 | Z6: 0 | AA6: 0 | AB6: 0 | AC6: 0
A7: acro_helm | B7: 16 | C7: 26734 | D7: 22 | E7: 18 | F7: 18 | G7: 16 | H7: 15 | I7: 15 | J7: 15 | K7: 0 | L7: 0 | M7: 0 | N7: 0 | O7: 0 | P7: 0 | Q7: 0 | R7: 0 | S7: 700 | T7: 0 | U7: 0 | V7: 0 | W7: 3 | X7: 0 | Y7: 0 | Z7: 0 | AA7: 0 | AB7: 0 | AC7: 0
A8: acro_leggings | B8: 256 | C8: 27403 | D8: 15 | E8: 15 | F8: 13 | G8: 30 | H8: 8 | I8: 8 | J8: 24 | K8: 0 | L8: 0 | M8: 0 | N8: 0 | O8: 0 | P8: 2 | Q8: 0 | R8: 0 | S8: 0 | T8: 0 | U8: 0 | V8: 0 | W8: 0 | X8: 0 | Y8: 0 | Z8: 0 | AA8: 0 | AB8: 0 | AC8: 0
A9: acro_surcoat | B9: 32 | C9: 26892 | D9: 25 | E9: 20 | F9: 24 | G9: 19 | H9: 19 | I9: 19 | J9: 19 | K9: 10 | L9: 0 | M9: 0 | N9: 0 | O9: 0 | P9: 2 | Q9: 0 | R9: 0 | S9: 300 | T9: 0 | U9: 0 | V9: 0 | W9: 0 | X9: 0 | Y9: 0 | Z9: 0 | AA9: 0 | AB9: 0 | AC9: 0
A10: adhe._gamashes_+1 | B10: 256 | C10: 27474 | D10: 15 | E10: 23 | F10: 8 | G10: 42 | H10: 0 | I10: 11 | J10: 25 | K10: 34 | L10: 0 | M10: 0 | N10: 4 | O10: 0 | P10: 0 | Q10: 0 | R10: 0 | S10: 400 | T10: 0 | U10: 0 | V10: 0 | W10: 0 | X10: 0 | Y10: 0 | Z10: 0 | AA10: 0 | AB10: 0 | AC10: 0
A11: adhemar_bonnet | B11: 16 | C11: 25613 | D11: 19 | E11: 21 | F11: 15 | G11: 19 | H11: 14 | I11: 14 | J11: 14 | K11: 26 | L11: 0 | M11: 0 | N11: 0 | O11: 5 | P11: 0 | Q11: 3 | R11: 0 | S11: 800 | T11: 0 | U11: 0 | V11: 0 | W11: 0 | X11: 0 | Y11: 0 | Z11: 0 | AA11: 0 | AB11: 0 | AC11: 0
A12: adhemar_bonnet_+1 | B12: 16 | C12: 25614 | D12: 19 | E12: 23 | F12: 15 | G12: 19 | H12: 14 | I12: 14 | J12: 14 | K12: 36 | L12: 0 | M12: 0 | N12: 6 | O12: 0 | P12: 0 | Q12: 6 | R12: 0 | S12: 800 | T12: 0 | U12: 0 | V12: 0 | W12: 0 | X12: 0 | Y12: 0 | Z12: 0 | AA12: 0 | AB12: 0 | AC12: 0
A13: adhemar_gamashes | B13: 256 | C13: 27473 | D13: 15 | E13: 23 | F13: 8 | G13: 42 | H13: 0 | I13: 11 | J13: 25 | K13: 24 | L13: 0 | M13: 0 | N13: 3 | O13: 0 | P13: 0 | Q13: 0 | R13: 0 | S13: 400 | T13: 0 | U13: 0 | V13: 0 | W13: 0 | X13: 0 | Y13: 0 | Z13: 0 | AA13: 0 | AB13: 0 | AC13: 0
... A888: zorans_belt | B888: 1024 | C888: 28463 | D888: 0 | E888: 7 | F888: 0 | G888: 0 | H888: 0 | I888: 0 | J888: 0 | K888: 14 | L888: 0 | M888: 0 | N888: 0 | O888: 0 | P888: 0 | Q888: 0 | R888: 0 | S888: 700 | T888: 0 | U888: 0 | V888: 0 | W888: 0 | X888: 0 | Y888: 0 | Z888: 0 | AA888: 0 | AB888: 0 | AC888: 0

Sheet AugDB
A1: label | B1: augId | C1: STR | D1: DEX | E1: VIT | F1: AGI | G1: INT | H1: MND | I1: CHR | J1: ATT | K1: ATTP | L1: ACC | M1: CRITHITRATE | N1: CRIT_DMG_INCREASE | O1: DOUBLE_ATTACK | P1: TRIPLE_ATTACK | Q1: QUAD_ATTACK | R1: HASTE_GEAR | S1: HASTE_MAGIC | T1: HASTE_ABILITY | U1: DUAL_WIELD | V1: STORETP | W1: TP_BONUS | X1: ALL_WSDMG_ALL_HITS | Y1: ALL_WSDMG_FIRST_HIT | Z1: ANY_FTP_BONUS | AA1: WSACC | AB1: WSDMG_225
A2: Accuracy +1 Attack +1 | B2: 68 | C2: 0 | D2: 0 | E2: 0 | F2: 0 | G2: 0 | H2: 0 | I2: 0 | J2: 1 | K2: 0 | L2: 1 | M2: 0 | N2: 0 | O2: 0 | P2: 0 | Q2: 0 | R2: 0 | S2: 0 | T2: 0 | U2: 0 | V2: 0 | W2: 0 | X2: 0 | Y2: 0 | Z2: 0 | AA2: 0 | AB2: 0
A3: Accuracy +33 | B3: 62 | C3: 0 | D3: 0 | E3: 0 | F3: 0 | G3: 0 | H3: 0 | I3: 0 | J3: 0 | K3: 0 | L3: 33 | M3: 0 | N3: 0 | O3: 0 | P3: 0 | Q3: 0 | R3: 0 | S3: 0 | T3: 0 | U3: 0 | V3: 0 | W3: 0 | X3: 0 | Y3: 0 | Z3: 0 | AA3: 0 | AB3: 0
A4: Accuracy+1 | B4: 23 | C4: 0 | D4: 0 | E4: 0 | F4: 0 | G4: 0 | H4: 0 | I4: 0 | J4: 0 | K4: 0 | L4: 1 | M4: 0 | N4: 0 | O4: 0 | P4: 0 | Q4: 0 | R4: 0 | S4: 0 | T4: 0 | U4: 0 | V4: 0 | W4: 0 | X4: 0 | Y4: 0 | Z4: 0 | AA4: 0 | AB4: 0
A5: Accuracy+1 Rng.Acc.+1 | B5: 129 | C5: 0 | D5: 0 | E5: 0 | F5: 0 | G5: 0 | H5: 0 | I5: 0 | J5: 0 | K5: 0 | L5: 1 | M5: 0 | N5: 0 | O5: 0 | P5: 0 | Q5: 0 | R5: 0 | S5: 0 | T5: 0 | U5: 0 | V5: 0 | W5: 0 | X5: 0 | Y5: 0 | Z5: 0 | AA5: 0 | AB5: 0
A6: AGI+1 | B6: 515 | C6: 0 | D6: 0 | E6: 0 | F6: 1 | G6: 0 | H6: 0 | I6: 0 | J6: 0 | K6: 0 | L6: 0 | M6: 0 | N6: 0 | O6: 0 | P6: 0 | Q6: 0 | R6: 0 | S6: 0 | T6: 0 | U6: 0 | V6: 0 | W6: 0 | X6: 0 | Y6: 0 | Z6: 0 | AA6: 0 | AB6: 0
A7: Attack +33 | B7: 65 | C7: 0 | D7: 0 | E7: 0 | F7: 0 | G7: 0 | H7: 0 | I7: 0 | J7: 33 | K7: 0 | L7: 0 | M7: 0 | N7: 0 | O7: 0 | P7: 0 | Q7: 0 | R7: 0 | S7: 0 | T7: 0 | U7: 0 | V7: 0 | W7: 0 | X7: 0 | Y7: 0 | Z7: 0 | AA7: 0 | AB7: 0
A8: Attack+1 | B8: 25 | C8: 0 | D8: 0 | E8: 0 | F8: 0 | G8: 0 | H8: 0 | I8: 0 | J8: 1 | K8: 0 | L8: 0 | M8: 0 | N8: 0 | O8: 0 | P8: 0 | Q8: 0 | R8: 0 | S8: 0 | T8: 0 | U8: 0 | V8: 0 | W8: 0 | X8: 0 | Y8: 0 | Z8: 0 | AA8: 0 | AB8: 0
A9: Attack+1 Rng.Atk.+1 | B9: 130 | C9: 0 | D9: 0 | E9: 0 | F9: 0 | G9: 0 | H9: 0 | I9: 0 | J9: 1 | K9: 0 | L9: 0 | M9: 0 | N9: 0 | O9: 0 | P9: 0 | Q9: 0 | R9: 0 | S9: 0 | T9: 0 | U9: 0 | V9: 0 | W9: 0 | X9: 0 | Y9: 0 | Z9: 0 | AA9: 0 | AB9: 0
A10: CHR+1 | B10: 518 | C10: 0 | D10: 0 | E10: 0 | F10: 0 | G10: 0 | H10: 0 | I10: 1 | J10: 0 | K10: 0 | L10: 0 | M10: 0 | N10: 0 | O10: 0 | P10: 0 | Q10: 0 | R10: 0 | S10: 0 | T10: 0 | U10: 0 | V10: 0 | W10: 0 | X10: 0 | Y10: 0 | Z10: 0 | AA10: 0 | AB10: 0
A11: Crit. hit damage+1% | B11: 328 | C11: 0 | D11: 0 | E11: 0 | F11: 0 | G11: 0 | H11: 0 | I11: 0 | J11: 0 | K11: 0 | L11: 0 | M11: 0 | N11: 1 | O11: 0 | P11: 0 | Q11: 0 | R11: 0 | S11: 0 | T11: 0 | U11: 0 | V11: 0 | W11: 0 | X11: 0 | Y11: 0 | Z11: 0 | AA11: 0 | AB11: 0
A12: Crit.hit rate+1% | B12: 41 | C12: 0 | D12: 0 | E12: 0 | F12: 0 | G12: 0 | H12: 0 | I12: 0 | J12: 0 | K12: 0 | L12: 0 | M12: 1 | N12: 0 | O12: 0 | P12: 0 | Q12: 0 | R12: 0 | S12: 0 | T12: 0 | U12: 0 | V12: 0 | W12: 0 | X12: 0 | Y12: 0 | Z12: 0 | AA12: 0 | AB12: 0
A13: Dbl.Atk.+1% | B13: 143 | C13: 0 | D13: 0 | E13: 0 | F13: 0 | G13: 0 | H13: 0 | I13: 0 | J13: 0 | K13: 0 | L13: 0 | M13: 0 | N13: 0 | O13: 1 | P13: 0 | Q13: 0 | R13: 0 | S13: 0 | T13: 0 | U13: 0 | V13: 0 | W13: 0 | X13: 0 | Y13: 0 | Z13: 0 | AA13: 0 | AB13: 0
... A40: Weapon Skill:DMG+5% (increases by 5) | B40: 1080 | C40: 0 | D40: 0 | E40: 0 | F40: 0 | G40: 0 | H40: 0 | I40: 0 | J40: 0 | K40: 0 | L40: 0 | M40: 0 | N40: 0 | O40: 0 | P40: 0 | Q40: 0 | R40: 0 | S40: 0 | T40: 0 | U40: 0 | V40: 0 | W40: 0 | X40: 5 | Y40: 0 | Z40: 0 | AA40: 0 | AB40: 0

Sheet WSDB
A1: name | B1: numHits | C1: ftp1 | D1: ftp2 | E1: ftp3 | F1: STR | G1: DEX | H1: VIT | I1: AGI | J1: INT | K1: MND | L1: CHR | M1: atk1 | N1: atk2 | O1: atk3 | P1: ign1 | Q1: ign2 | R1: ign3 | S1: has_ign | T1: crit1 | U1: crit2 | V1: crit3 | W1: has_crit | X1: multiHitFtp | Y1: wsId
A2: atonement | B2: 2 | C2: 1 | D2: 1.25 | E2: 1.5 | F2: 0.4 | G2: 0 | H2: 0.5 | I2: 0 | J2: 0 | K2: 0 | L2: 0 | M2: 1 | N2: 1 | O2: 1 | P2: 0 | Q2: 0 | R2: 0 | S2: 0 | T2: 0 | U2: 0 | V2: 0 | W2: 0 | X2: 0 | Y2: 45
A3: chant_du_cygne | B3: 3 | C3: 1.6328125 | D3: 1.6328125 | E3: 1.6328125 | F3: 0 | G3: 0.8 | H3: 0 | I3: 0 | J3: 0 | K3: 0 | L3: 0 | M3: 1 | N3: 1 | O3: 1 | P3: 0 | Q3: 0 | R3: 0 | S3: 0 | T3: 0.15 | U3: 0.25 | V3: 0.4 | W3: 1 | X3: 1 | Y3: 225
A4: circle_blade | B4: 1 | C4: 1 | D4: 1 | E4: 1 | F4: 1 | G4: 0 | H4: 0 | I4: 0 | J4: 0 | K4: 0 | L4: 0 | M4: 1 | N4: 1 | O4: 1 | P4: 0 | Q4: 0 | R4: 0 | S4: 0 | T4: 0 | U4: 0 | V4: 0 | W4: 0 | X4: 0 | Y4: 38
A5: fast_blade | B5: 2 | C5: 1 | D5: 1.5 | E5: 2 | F5: 0.4 | G5: 0.4 | H5: 0 | I5: 0 | J5: 0 | K5: 0 | L5: 0 | M5: 1 | N5: 1 | O5: 1 | P5: 0 | Q5: 0 | R5: 0 | S5: 0 | T5: 0 | U5: 0 | V5: 0 | W5: 0 | X5: 0 | Y5: 32
A6: flat_blade | B6: 1 | C6: 1 | D6: 1 | E6: 1 | F6: 1 | G6: 0 | H6: 0 | I6: 0 | J6: 0 | K6: 0 | L6: 0 | M6: 1 | N6: 1 | O6: 1 | P6: 0 | Q6: 0 | R6: 0 | S6: 0 | T6: 0 | U6: 0 | V6: 0 | W6: 0 | X6: 0 | Y6: 35
A7: glory_slash | B7: 1 | C7: 3 | D7: 3.5 | E7: 4 | F7: 0.3 | G7: 0 | H7: 0 | I7: 0 | J7: 0 | K7: 0 | L7: 0 | M7: 1 | N7: 1 | O7: 1 | P7: 0 | Q7: 0 | R7: 0 | S7: 0 | T7: 0 | U7: 0 | V7: 0 | W7: 0 | X7: 0 | Y7: 239
A8: knights_of_rotund | B8: 1 | C8: 3 | D8: 3 | E8: 3 | F8: 0 | G8: 0 | H8: 0 | I8: 0 | J8: 0 | K8: 0 | L8: 0 | M8: 1 | N8: 1 | O8: 1 | P8: 0 | Q8: 0 | R8: 0 | S8: 0 | T8: 0 | U8: 0 | V8: 0 | W8: 0 | X8: 0 | Y8: 227
A9: knights_of_round | B9: 1 | C9: 5 | D9: 5 | E9: 5 | F9: 0.4 | G9: 0 | H9: 0 | I9: 0 | J9: 0 | K9: 0.4 | L9: 0 | M9: 1 | N9: 1 | O9: 1 | P9: 0 | Q9: 0 | R9: 0 | S9: 0 | T9: 0 | U9: 0 | V9: 0 | W9: 0 | X9: 0 | Y9: 43
A10: requiescat | B10: 5 | C10: 1 | D10: 1 | E10: 1 | F10: 0 | G10: 0 | H10: 0 | I10: 0 | J10: 0 | K10: 0.85 | L10: 0 | M10: 0.8 | N10: 0.9 | O10: 1 | P10: 0 | Q10: 0 | R10: 0 | S10: 0 | T10: 0 | U10: 0 | V10: 0 | W10: 0 | X10: 1 | Y10: 226
A11: savage_blade | B11: 2 | C11: 4 | D11: 10.25 | E11: 13.75 | F11: 0.5 | G11: 0 | H11: 0 | I11: 0 | J11: 0 | K11: 0.5 | L11: 0 | M11: 1 | N11: 1 | O11: 1 | P11: 0 | Q11: 0 | R11: 0 | S11: 0 | T11: 0 | U11: 0 | V11: 0 | W11: 0 | X11: 0 | Y11: 42
A12: swift_blade | B12: 3 | C12: 1.5 | D12: 1.5 | E12: 1.5 | F12: 0.5 | G12: 0 | H12: 0 | I12: 0 | J12: 0 | K12: 0.5 | L12: 0 | M12: 1 | N12: 1 | O12: 1 | P12: 0 | Q12: 0 | R12: 0 | S12: 0 | T12: 0 | U12: 0 | V12: 0 | W12: 0 | X12: 1 | Y12: 41
A13: vorpal_blade | B13: 4 | C13: 1.375 | D13: 1.375 | E13: 1.375 | F13: 0.6 | G13: 0 | H13: 0 | I13: 0 | J13: 0 | K13: 0 | L13: 0 | M13: 1 | N13: 1 | O13: 1 | P13: 0 | Q13: 0 | R13: 0 | S13: 0 | T13: 0.1 | U13: 0.3 | V13: 0.5 | W13: 1 | X13: 1 | Y13: 40

Sheet Targets
A1: name | B1: DEF | C1: EVA | D1: VIT | E1: AGI | F1: CRIT_EVA | G1: CRIT_DEF | H1: tier | I1: label
A2: Leaping Lizzy | B2: 350 | C2: 100 | D2: 150 | E2: 150 | F2: 0 | G2: 0 | H2: 1 | I2: Leaping Lizzy
A3: Tom Tit Tat | B3: 350 | C3: 100 | D3: 150 | E3: 150 | F3: 0 | G3: 0 | H3: 1 | I3: Tom Tit Tat
A4: Valkurm Emperor | B4: 350 | C4: 100 | D4: 150 | E4: 150 | F4: 0 | G4: 0 | H4: 1 | I4: Valkurm Emperor
A5: Aquarius | B5: 600 | C5: 150 | D5: 150 | E5: 150 | F5: 0 | G5: 0 | H5: 2 | I5: Aquarius
A6: Bomb Queen | B6: 600 | C6: 150 | D6: 150 | E6: 150 | F6: 0 | G6: 0 | H6: 2 | I6: Bomb Queen
A7: Roc | B7: 600 | C7: 150 | D7: 150 | E7: 150 | F7: 0 | G7: 0 | H7: 2 | I7: Roc
A8: Serket | B8: 900 | C8: 250 | D8: 150 | E8: 150 | F8: 0 | G8: 0 | H8: 3 | I8: Serket
A9: Simurgh | B9: 900 | C9: 250 | D9: 150 | E9: 150 | F9: 0 | G9: 0 | H9: 3 | I9: Simurgh
A10: Vrtra | B10: 900 | C10: 250 | D10: 150 | E10: 150 | F10: 0 | G10: 0 | H10: 3 | I10: Vrtra
A11: King Behemoth | B11: 1300 | C11: 350 | D11: 150 | E11: 150 | F11: 0 | G11: 0 | H11: 4 | I11: King Behemoth
A12: Kirin | B12: 1300 | C12: 350 | D12: 150 | E12: 150 | F12: 0 | G12: 0 | H12: 4 | I12: Kirin
A13: Nidhogg | B13: 1300 | C13: 350 | D13: 150 | E13: 150 | F13: 0 | G13: 0 | H13: 4 | I13: Nidhogg
... A16: Shinryu | B16: 8000 | C16: 4000 | D16: 250 | E16: 250 | F16: 0 | G16: 0 | H16: 5 | I16: Shinryu

Sheet Lists
A1: range | B1: ammo | C1: head | D1: body | E1: hands | F1: legs | G1: feet | H1: neck | I1: waist | J1: ear1 | K1: ear2 | L1: ring1 | M1: ring2 | N1: back | O1: augments | P1: freemods
A2: (keep equipped) | B2: (keep equipped) | C2: (keep equipped) | D2: (keep equipped) | E2: (keep equipped) | F2: (keep equipped) | G2: (keep equipped) | H2: (keep equipped) | I2: (keep equipped) | J2: (keep equipped) | K2: (keep equipped) | L2: (keep equipped) | M2: (keep equipped) | N2: (keep equipped) | O2: (none) | P2: (none)
A3: (none) | B3: (none) | C3: (none) | D3: (none) | E3: (none) | F3: (none) | G3: (none) | H3: (none) | I3: (none) | J3: (none) | K3: (none) | L3: (none) | M3: (none) | N3: (none) | O3: Accuracy +1 Attack +1 | P3: STR
A4: donar_gun | B4: amar_cluster | C4: acro_helm | D4: abnoba_kaftan | E4: acro_gauntlets | F4: abatteur_subligar | G4: acro_leggings | H4: agitators_collar | I4: acerbic_sash_+1 | J4: balder_earring_+1 | K4: balder_earring_+1 | L4: adoulin_ring | M4: adoulin_ring | N4: annealed_mantle | O4: Accuracy +33 | P4: DEX
A5: exalted_bow | B5: aqreqaq_bomblet | C5: adhemar_bonnet | D5: acro_surcoat | E5: adhemar_wrist._+1 | F5: acro_breeches | G5: adhe._gamashes_+1 | H5: asperity_necklace | I5: caudata_belt | J5: bladeborn_earring | K5: bladeborn_earring | L5: adoulin_ring_+1 | M5: adoulin_ring_+1 | N5: attackers_mantle | O5: Accuracy+1 | P5: VIT
A6: exalted_bow_+1 | B6: aurgelmir_orb_+1 | C6: adhemar_bonnet_+1 | D6: adhemar_jacket | E6: adhemar_wristbands | F6: adhemar_kecks | G6: adhemar_gamashes | H6: cloud_hairpin_+1 | I6: cetl_belt | J6: cessance_earring | K6: cessance_earring | L6: beeline_ring | M6: beeline_ring | N6: bleating_mantle | O6: Accuracy+1 Rng.Acc.+1 | P6: AGI
A7: halakaala | B7: c._palug_stone | C7: adorned_helm | D7: adhemar_jacket_+1 | E7: aeto._gloves_+1 | F7: adhemar_kecks_+1 | G7: aeto._ledel._+1 | H7: cuamiz_collar | I7: chaac_belt | J7: dawn_earring | K7: dawn_earring | L7: beithir_ring | M7: beithir_ring | N7: buquwik_cape | O7: AGI+1 | P7: INT
A8: kaja_bow | B8: cheruski_needle | C8: adorned_helm_+1 | D8: aeto._jerkin_+1 | E8: aetosaur_gloves | F8: aeto._trousers | G8: aeto._ledelsens | H8: da._nodowa_+1 | I8: chiners_belt_+1 | J8: digni._earring | K8: digni._earring | L8: cacoethic_ring | M8: cacoethic_ring | N8: dauntless_mantle | O8: Attack +33 | P8: MND
A9: tokko_bow | B9: coiste_bodhar | C9: aetosaur_helm | D9: aetosaur_jerkin | E9: alcedo_gauntlets | F9: aeto._trousers_+1 | G9: amm_greaves | H9: dakatsu_nodowa | I9: chuqaba_belt | J9: dudgeon_earring | K9: dudgeon_earring | L9: cacoethic_ring_+1 | M9: cacoethic_ring_+1 | N9: feline_mantle | O9: Attack+1 | P9: CHR
A10: ullr | B10: crepuscular_pebble | C10: aetosaur_helm_+1 | D10: agony_jerkin_+1 | E10: ares_gauntlets_+1 | F10: alcedo_cuisses | G10: ar._gambieras_+1 | H10: defiant_collar | I10: dynamic_belt | J10: eabani_earring | K10: eabani_earring | L10: candent_ring | M10: candent_ring | N10: impassive_mantle | O10: Attack+1 Rng.Atk.+1 | P10: ATT
A11: wingcutter_+1 | B11: expeditious_pinion | C11: alhazen_hat_+1 | D11: ares_cuirass_+1 | E11: boor_bracelets | F11: ares_flanchard_+1 | G11: ares_sollerets_+1 | H11: deviant_necklace | I11: dynamic_belt_+1 | J11: enervating_earring | K11: enervating_earring | L11: chirich_ring | M11: chirich_ring | N11: kayapa_cape | O11: CHR+1 | P11: ATTP
B12: floestone | C12: amin_turban | D12: ashera_harness | E12: buremte_gloves | F12: arke_cosc._+1 | G12: cab._leggings | H12: ej_necklace | I12: engraved_belt | J12: evader_earring | K12: evader_earring | L12: chirich_ring_+1 | M12: chirich_ring_+1 | N12: laic_mantle | O12: Crit. hit damage+1% | P12: ACC
B13: focal_orb | C13: ares_mask_+1 | D13: asura_samue | E13: cab._gauntlets | F13: augury_cuisses_+1 | G13: cab._leggings_+1 | H13: ej_necklace_+1 | I13: eschan_stone | J13: evader_earring_+1 | K13: evader_earring_+1 | L13: choj_band | M13: choj_band | N13: letalis_mantle | O13: Crit.hit rate+1% | P13: CRITHITRATE
B14: ginsen | C14: arke_zuchetto | D14: asura_samue_+1 | E14: cab._gauntlets_+1 | F14: brontes_cuisses | G14: cab._leggings_+2 | H14: ensnaring_torque | I14: famine_sash | J14: ghillie_earring | K14: ghillie_earring | L14: dagaz_ring | M14: dagaz_ring | N14: lupine_cape | O14: Dbl.Atk.+1% | P14: CRIT_DMG_INCREASE
B15: grenade_core | C15: arke_zuchetto_+1 | D15: athoss_tabard | E15: cab._gauntlets_+2 | F15: cab._breeches | G15: cab._leggings_+3 | H15: gaudryi_necklace | I15: gerdr_belt_+1 | J15: ghillie_earring_+1 | K15: ghillie_earring_+1 | L15: dhanurveda_ring | M15: dhanurveda_ring | N15: meanagh_cape_+1 | O15: Dbl.Atk.+1% Crit.hit rate+1% | P15: DOUBLE_ATTACK
B16: happo_shuriken | C16: baghere_salade | D16: beguilers_jerkin | E16: cab._gauntlets_+3 | F16: cab._breeches_+1 | G16: carmine_greaves | H16: hamrammr_torque | I16: gevaudan_belt | J16: grit_earring | K16: grit_earring | L16: dumakulems_ring | M16: dumakulems_ring | N16: moondoe_mantle_+1 | O16: DEX+1 | P16: TRIPLE_ATTACK
B17: happo_shuriken_+1 | C17: bendiss_hairpin | D17: cab._surcoat | E17: carmine_fin._ga. | F17: cab._breeches_+2 | G17: carmine_greaves_+1 | H17: iqabi_necklace | I17: grunfeld_rope | J17: heartseeker_earring | K17: heartseeker_earring | L17: enlivened_ring | M17: enlivened_ring | N17: phalangite_mantle | O17: DEX+1 AGI+1 | P17: QUAD_ATTACK
B18: jukukik_feather | C18: blistering_sallet_+1 | D18: cab._surcoat_+1 | E18: carmine_fin._ga._+1 | F18: cab._breeches_+3 | G18: chev._sabatons | H18: ishtars_collar | I18: hurchlan_sash | J18: ishvara_earring | K18: ishvara_earring | L18: epaminondass_ring | M18: epaminondass_ring | N18: radical_mantle | O18: Dual Wield+1 | P18: HASTE_GEAR
B19: paeapua | C19: cab._coronet | D19: cab._surcoat_+2 | E19: chev._gauntlets | F19: carmine_cuisses | G19: chev._sabatons_+1 | H19: iskur_gorget | I19: istio_belt | J19: kokous_earring | K19: kokous_earring | L19: folhardi_ring | M19: folhardi_ring | N19: radical_mantle_+1 | O19: Haste+1 | P19: HASTE_MAGIC
B20: seeth._bomblet_+1 | C20: cab._coronet_+1 | D20: cab._surcoat_+3 | E20: chev._gauntlets_+1 | F20: carmine_cuisses_+1 | G20: chevaliers_sabatons_+2 | H20: lacono_neck._+1 | I20: kasiri_belt | J20: kuwunga_earring | K20: kuwunga_earring | L20: fortified_ring | M20: fortified_ring | N20: testudo_mantle | O20: INT+1 | P20: HASTE_ABILITY
B21: seething_bomblet | C21: cab._coronet_+2 | D21: carm._sc._mail_+1 | E21: chevaliers_gauntlets_+2 | F21: chev._cuisses_+1 | G21: chevaliers_sabatons_+3 | H21: lissome_necklace | I21: kentarch_belt | J21: mache_earring | K21: mache_earring | L21: gere_ring | M21: gere_ring | N21: testudo_mantle_+1 | O21: INT+1 MND+1 | P21: DUAL_WIELD
B22: seki_shuriken | C22: cab._coronet_+3 | D22: carm._scale_mail | E22: chevaliers_gauntlets_+3 | F22: chevaliers_cuisses | G22: chocaliztli_boots | H22: moonlight_nodowa | I22: kentarch_belt_+1 | J22: mache_earring_+1 | K22: mache_earring_+1 | L22: hajduk_ring | M22: hajduk_ring | N22: vell._mantle_+1 | O22: INT+1 MND+1 CHR+1 | P22: STORETP
B23: vanir_battery | C23: canutes_helm | D23: chev._cuirass | E23: cizin_mufflers | F23: chevaliers_cuisses_+2 | G23: cizin_greaves | H23: nefarious_collar | I23: latria_sash | J23: matanki_earring | K23: matanki_earring | L23: hajduk_ring_+1 | M23: hajduk_ring_+1 | N23: vespid_mantle | O23: MND+1 | P23: TP_BONUS
... B25: yetshila | C25: carmine_mask_+1 | D25: chevaliers_cuirass_+2 | E25: counts_cuffs | F25: cizin_breeches | G25: daihanshi_habaki | H25: ninja_nodowa | I25: olseni_belt | J25: odnowa_earring_+1 | K25: odnowa_earring_+1 | L25: haverton_ring_+1 | M25: haverton_ring_+1 | N25: yokaze_mantle | O25: Quadruple Attack+1% | P25: ALL_WSDMG_FIRST_HIT
B26: yetshila_+1 | C26: chersos_helm_+1 | D26: chevaliers_cuirass_+3 | E26: crusher_gauntlets | F26: cizin_breeches_+1 | G26: diama._sollerets | H26: ninja_nodowa_+1 | I26: panthalassa_sash | J26: odr_earring | K26: odr_earring | L26: hetairoi_ring | M26: hetairoi_ring | O26: Slow+1 | P26: ANY_FTP_BONUS
C27: chev._armet_+1 | D27: chozor._coselete | E27: dux_fng._gnt. | F27: dashing_subligar | G27: durgai_leggings | H27: ninja_nodowa_+2 | I27: patentia_sash | J27: steelflash_earring | K27: steelflash_earring | L27: ifrit_ring | M27: ifrit_ring | O27: Store TP+1 | P27: WSACC
C28: chevaliers_armet | D28: cizin_mail | E28: dux_fng._gnt._+1 | F28: dux_cuisses | G28: dux_greaves | H28: ocachi_gorget | I28: phos_belt | J28: tati_earring | K28: tati_earring | L28: ifrit_ring_+1 | M28: ifrit_ring_+1 | O28: Store TP+1 Subtle Blow+1
C29: chevaliers_armet_+2 | D29: cizin_mail_+1 | E29: el_bracers_+1 | F29: dux_cuisses_+1 | G29: dux_greaves_+1 | H29: rep._plat._medal | I29: phos_belt_+1 | J29: tati_earring_+1 | K29: tati_earring_+1 | L29: ilabrat_ring | M29: ilabrat_ring | O29: STR+1
C30: chevaliers_armet_+3 | D30: crepuscular_mail | E30: emi._gauntlets_+1 | F30: emicho_hose | G30: ejekamal_boots | H30: rioters_collar | I30: prosilio_belt_+1 | J30: thrud_earring | K30: thrud_earring | L30: karieyh_ring | M30: karieyh_ring | O30: STR+1 AGI+1
C31: chocaliztli_mask | D31: dagon_breast. | E31: emicho_gauntlets | F31: emicho_hose_+1 | G31: emi._gambieras_+1 | H31: sanctity_necklace | I31: pyaekue_belt | J31: tripudio_earring | K31: tripudio_earring | L31: karieyh_ring_+1 | M31: karieyh_ring_+1 | O31: STR+1 CHR+1
C32: cizin_helm | D32: dread_jupon | E32: enif_manopolas | F32: enif_cosciales | G32: emicho_gambieras | H32: shifting_neck._+1 | I32: pyaekue_belt_+1 | J32: trux_earring | K32: trux_earring | L32: kayres_ring | M32: kayres_ring | O32: STR+1 DEX+1
C33: cizin_helm_+1 | D33: dux_sc._mail_+1 | E33: espial_bracers | F33: espial_hose | G33: enif_gambieras | H33: sverrir_torque | I33: reiki_yotai | J33: zennaroi_earring | K33: zennaroi_earring | L33: moonlight_ring | M33: moonlight_ring | O33: STR+1 INT+1
C34: crepuscular_helm | D34: dux_scale_mail | E34: euxine_gloves | F34: euxine_kecks | G34: eschite_greaves | H34: tlamiztli_collar | I34: sailfi_belt | L34: mouflon_ring | M34: mouflon_ring | O34: STR+1 MND+1
C35: despair_helm | D35: emet_harness_+1 | E35: euxine_gloves_+1 | F35: euxine_kecks_+1 | G35: espial_socks | H35: voltsurge_torque | I35: sailfi_belt_+1 | L35: nguruve_ring | M35: nguruve_ring | O35: STR+1 VIT+1
C36: drachenhorn | D36: emicho_haubert | E36: euxine_gloves_+2 | F36: euxine_kecks_+2 | G36: euxine_nails | I36: shetal_stone | L36: patricius_ring | M36: patricius_ring | O36: TP Bonus +50
C37: dux_visor | D37: emicho_haubert_+1 | E37: euxine_gloves_+3 | F37: euxine_kecks_+3 | G37: euxine_nails_+1 | I37: sinew_belt | L37: pernicious_ring | M37: pernicious_ring | O37: Triple Atk.+1%
C38: dux_visor_+1 | D38: enif_corazza | E38: flam._manopolas_+1 | F38: feast_hose | G38: euxine_nails_+2 | I38: sulla_belt | L38: petrov_ring | M38: petrov_ring | O38: VIT+1
C39: emicho_coronet | D39: espial_gambison | E39: flamma_manopolas | F39: flamma_dirs | G39: euxine_nails_+3 | I39: svelt._gouriz_+1 | L39: ramuh_ring | M39: ramuh_ring | O39: Weapon Skill Acc.+1
C40: emicho_coronet_+1 | D40: euxine_coat | E40: founders_gauntlets | F40: flamma_dirs_+1 | G40: flam._gambieras_+1 | I40: sweordfaetels | L40: ramuh_ring_+1 | M40: ramuh_ring_+1 | O40: Weapon skill damage+1% "However, some sources apply to all swings of the weapon skill (like Magian Trials Weapon Skill Damage +n% weapons)" (i.e. this indicates the augment is for all hits)
C41: enedron_glasses | D41: euxine_coat_+1 | E41: gefechthentzes | F41: founders_hose | G41: flamma_gambieras | I41: sweordfaetels_+1 | L41: regal_ring | M41: regal_ring | O41: Weapon Skill:DMG+5% (increases by 5)
C42: enif_zucchetto | D42: euxine_coat_+2 | E42: gorney_moufles | F42: gor._brayettes_+1 | G42: founders_greaves | I42: wanion_belt | L42: rufescent_ring | M42: rufescent_ring
C43: espial_cap | D43: euxine_coat_+3 | E43: gorney_moufles_+1 | F43: gorney_brayettes | G43: gefechtschuhs | I43: windbuffet_belt_+1 | L43: sljor_ring | M43: sljor_ring
C44: euxine_hat | D44: febro_kaftan | E44: hachiya_tekko | F44: gyve_trousers | G44: ghadhab_nails | I44: yemaya_belt | L44: sroda_ring | M44: sroda_ring
C45: euxine_hat_+1 | D45: feverish_korazin | E45: hachiya_tekko_+1 | F45: hachi._hakama_+1 | G45: gigan._boots_+1 | I45: zorans_belt | L45: supershear_ring | M45: supershear_ring
C46: euxine_hat_+2 | D46: flamma_korazin | E46: hachiya_tekko_+2 | F46: hachiya_hakama | G46: gor._sollerets_+1 | L46: varar_ring | M46: varar_ring
C47: euxine_hat_+3 | D47: flamma_korazin_+1 | E47: hachiya_tekko_+3 | F47: hachiya_hakama_+2 | G47: gorney_sollerets | L47: varar_ring_+1 | M47: varar_ring_+1
C48: felistris_mask | D48: foppish_tunica | E48: hattori_tekko | F48: hachiya_hakama_+3 | G48: hachi._kyahan_+1 | L48: vehemence_ring | M48: vehemence_ring
C49: flam._zucchetto_+1 | D49: foppish_tunica_+1 | E49: hattori_tekko_+1 | F49: hattori_hakama | G49: hachiya_kyahan | L49: yacuruna_ring | M49: yacuruna_ring
C50: flam._zucchetto_+2 | D50: found._breastplate | E50: hattori_tekko_+2 | F50: hattori_hakama_+1 | G50: hachiya_kyahan_+2 | L50: yacuruna_ring_+1 | M50: yacuruna_ring_+1
C51: flamma_zucchetto | D51: gefechtbrust | E51: hattori_tekko_+3 | F51: hattori_hakama_+2 | G51: hachiya_kyahan_+3
C52: founders_corona | D52: gorney_haubert | E52: hegira_wristbands | F52: hattori_hakama_+3 | G52: hattori_kyahan
C53: gallian_helm_+1 | D53: gorney_haubert_+1 | E53: herculean_gloves | F53: herculean_trousers | G53: hattori_kyahan_+1
C54: gavialis_helm | D54: grandoynes_mail | E54: hizamaru_kote_+2 | F54: hrafn_hose | G54: hattori_kyahan_+2
C55: genmei_kabuto | D55: gyve_doublet | E55: hrafn_gauntlets | F55: huginn_hose | G55: hattori_kyahan_+3
C56: gorney_morion | D56: hachi._chain._+1 | E56: huginn_gauntlets | F56: ighwa_trousers | G56: herculean_boots
C57: gorney_morion_+1 | D57: hachi._chainmail | E57: kachi._kote_+1 | F57: jokushu_haidate | G57: hippo._socks_+1
C58: hachi._hatsu._+1 | D58: hachiya_chain._+2 | E58: karieyh_moufles | F58: kari._brayettes_+1 | G58: hiza._sune-ate_+2
C59: hachiya_hatsu._+2 | D59: hachiya_chain._+3 | E59: karieyh_moufles_+1 | F59: karieyh_brayettes | G59: hrafn_gambieras
C60: hachiya_hatsu._+3 | D60: hattori_ningi | E60: ken._tekko_+1 | F60: ken._hakama | G60: huginn_gambieras
C61: hachiya_hatsuburi | D61: hattori_ningi_+1 | E61: kheper_wristbands | F61: kheper_kecks | G61: kar._sollerets_+1
C62: hattori_zukin | D62: hattori_ningi_+2 | E62: khepri_wristbands | F62: khepri_kecks | G62: karieyh_sollerets
... C128: shned._chapeau_+1 | D128: sombra_harn._+1 | E128: wildheithentzes | F128: zoar_subligar_+1 | G128: volte_sollerets
C129: shneddick_chapeau | D129: sombra_harness | E129: xaddi_gauntlets | G129: volte_spats
C130: skormoth_mask | D130: souv._cuirass_+1 | E130: yorium_gauntlets | G130: whirlpool_greaves
C131: sombra_tiara_+1 | D131: souveran_cuirass | G131: wildheitschuhs
C132: souv._schaller_+1 | D132: sworn_platemail | G132: wurrukatte_boots
C133: souveran_schaller | D133: taeon_tabard | G133: xaddi_boots
C134: sukeroku_hachi. | D134: tartarus_platemail | G134: yorium_sabatons
C135: sulevias_mask_+2 | D135: tatena._harama._+1
C136: sworn_crown | D136: temachtiani_shirt
C137: taeon_chapeau | D137: tenryu_domaru
C138: tema._headband | D138: tenryu_domaru_+1
C139: tenryu_somen | D139: terminal_plate
C140: tenryu_somen_+1 | D140: tessera_saio
C141: terminal_helm | D141: thaumas_coat
C142: thaumas_hat | D142: thur._tabard_+1
C143: thur._chapeau_+1 | D143: thurandaut_tabard
C144: thurandaut_chapeau | D144: uac_jerkin
C145: ukuxkaj_cap | D145: usk._haramaki_+1
C146: umbani_cap | D146: vara_brigandine
... C152: xaddi_headgear | D152: yorium_cuirass
C153: yaoyotl_helm
C154: yorium_barbuta
